DROP TABLE IF EXISTS toa_workclass;
CREATE TABLE toa_workclass (
  id int(11) NOT NULL AUTO_INCREMENT,
  number varchar(64) DEFAULT NULL,
  typeid varchar(16) DEFAULT NULL,
  tplid varchar(16) DEFAULT NULL,
  title varchar(255) DEFAULT NULL,
  uid varchar(16) DEFAULT NULL,
  date datetime DEFAULT NULL,
  type varchar(2) DEFAULT NULL,
  numberview varchar(255) NOT NULL,
  PRIMARY KEY (id)
) ENGINE=MyISAM AUTO_INCREMENT=1000 DEFAULT CHARSET=utf8;

DROP TABLE IF EXISTS toa_workclass_db;
CREATE TABLE toa_workclass_db (
  did int(11) NOT NULL AUTO_INCREMENT,
  inputname varchar(64) DEFAULT NULL,
  content text,
  workid varchar(16) DEFAULT NULL,
  tplid varchar(16) DEFAULT NULL,
  fromid varchar(16) DEFAULT NULL,
  typeid varchar(16) DEFAULT NULL,
  type varchar(2) NOT NULL,
  PRIMARY KEY (did)
) ENGINE=MyISAM AUTO_INCREMENT=1000 DEFAULT CHARSET=utf8;

DROP TABLE IF EXISTS toa_workclass_flow;
CREATE TABLE toa_workclass_flow (
  fid int(11) NOT NULL AUTO_INCREMENT,
  flowname varchar(64) DEFAULT NULL,
  flownum varchar(2) DEFAULT NULL,
  flowuser varchar(128) DEFAULT NULL,
  uid varchar(16) DEFAULT NULL,
  tplid varchar(16) DEFAULT NULL,
  typeid varchar(16) DEFAULT NULL,
  flowkey varchar(2) DEFAULT NULL,
  flowkey1 varchar(2) DEFAULT NULL,
  flowkey2 varchar(2) DEFAULT NULL,
  flowkey3 varchar(2) DEFAULT NULL,
  flowkey4 varchar(64) DEFAULT NULL,
  flowdate varchar(16) DEFAULT NULL,
  flowdatetype varchar(2) DEFAULT NULL,
  PRIMARY KEY (fid)
) ENGINE=MyISAM AUTO_INCREMENT=1000 DEFAULT CHARSET=utf8;

DROP TABLE IF EXISTS toa_workclass_from;
CREATE TABLE toa_workclass_from (
  fromid int(11) NOT NULL AUTO_INCREMENT,
  fromname varchar(64) DEFAULT NULL,
  inputname varchar(64) DEFAULT NULL,
  inputvalue varchar(128) DEFAULT NULL,
  inputtype varchar(2) DEFAULT NULL,
  inputtype1 varchar(2) DEFAULT NULL,
  inputvaluenum tinytext,
  confirmation varchar(2) DEFAULT NULL,
  uid varchar(16) DEFAULT NULL,
  tplid varchar(16) DEFAULT NULL,
  flowid varchar(16) DEFAULT NULL,
  typeid varchar(16) DEFAULT NULL,
  formtype varchar(2) DEFAULT NULL,
  inputnumber int(11) DEFAULT NULL,
  w varchar(16) DEFAULT NULL,
  h varchar(16) DEFAULT NULL,
  PRIMARY KEY (fromid)
) ENGINE=MyISAM AUTO_INCREMENT=1000 DEFAULT CHARSET=utf8;

DROP TABLE IF EXISTS toa_workclass_personnel;
CREATE TABLE toa_workclass_personnel (
  perid int(11) NOT NULL AUTO_INCREMENT,
  name varchar(32) DEFAULT NULL,
  uid varchar(16) DEFAULT NULL,
  designationdate datetime DEFAULT NULL,
  approvaldate datetime DEFAULT NULL,
  lnstructions varchar(255) DEFAULT NULL,
  pertype varchar(2) DEFAULT NULL,
  workid varchar(16) DEFAULT NULL,
  typeid varchar(16) DEFAULT NULL,
  flowid varchar(16) DEFAULT NULL,
  appkey varchar(2) DEFAULT NULL,
  appkey1 varchar(2) DEFAULT NULL,
  flowdate varchar(16) DEFAULT NULL,
  flowdatetype varchar(2) DEFAULT NULL,
  PRIMARY KEY (perid)
) ENGINE=MyISAM AUTO_INCREMENT=1000 DEFAULT CHARSET=utf8;

DROP TABLE IF EXISTS toa_workclass_personnel_log;
CREATE TABLE toa_workclass_personnel_log (
  lid int(11) NOT NULL AUTO_INCREMENT,
  name varchar(32) DEFAULT NULL,
  uid varchar(16) DEFAULT NULL,
  approvaldate datetime DEFAULT NULL,
  lnstructions varchar(255) DEFAULT NULL,
  pertype varchar(2) DEFAULT NULL,
  perid varchar(16) DEFAULT NULL,
  workid varchar(16) DEFAULT NULL,
  typeid varchar(16) DEFAULT NULL,
  PRIMARY KEY (lid)
) ENGINE=MyISAM AUTO_INCREMENT=1000 DEFAULT CHARSET=utf8;

DROP TABLE IF EXISTS toa_workclass_template;
CREATE TABLE toa_workclass_template (
  tplid int(11) NOT NULL AUTO_INCREMENT,
  title varchar(64) DEFAULT NULL,
  typeid varchar(16) DEFAULT NULL,
  tplkey varchar(2) DEFAULT NULL,
  tpltype varchar(2) DEFAULT NULL,
  tpluser text,
  tpladmin text,
  uid varchar(16) DEFAULT NULL,
  tpladdr varchar(64) DEFAULT NULL,
  PRIMARY KEY (tplid)
) ENGINE=MyISAM AUTO_INCREMENT=1000 DEFAULT CHARSET=utf8;

DROP TABLE IF EXISTS toa_workclass_type;
CREATE TABLE toa_workclass_type (
  tid int(11) NOT NULL AUTO_INCREMENT,
  typename varchar(64) DEFAULT NULL,
  uid varchar(16) DEFAULT NULL,
  typenum int(11) NOT NULL,
  PRIMARY KEY (tid)
) ENGINE=MyISAM AUTO_INCREMENT=1000 DEFAULT CHARSET=utf8;
DROP TABLE IF EXISTS toa_workclass_charts;
CREATE TABLE toa_workclass_charts (
  id int(11) NOT NULL AUTO_INCREMENT,
  number varchar(16) DEFAULT NULL,
  typeid varchar(16) DEFAULT NULL,
  tplid varchar(16) DEFAULT NULL,
  title varchar(255) DEFAULT NULL,
  numdata text,
  search text,
  PRIMARY KEY (id)
) ENGINE=MyISAM  DEFAULT CHARSET=utf8 AUTO_INCREMENT=1000;
INSERT INTO toa_keytable (id, name, inputname, inputvalue, inputchecked, type, number, fatherid) VALUES
(359, '工作流', 'input_name', '0', '1', '1', 2, '357'),
(277, '工作流', 'input_name', '0', '1', '1', 7, '0'),
(278, '工作流', 'input_name', '0', '1', '1', 1, '277'),
(279, '流程管理', 'input_name', '0', '1', '1', 2, '277'),
(280, '允许', 'workclass', '1', '1', '1', 1, '278'),
(281, '拒绝', 'workclass', '0', '2', '1', 2, '278'),
(282, '新建流程', 'workclass_add', '1', '1', '2', 3, '278'),
(283, '删除', 'workclass_delete', '1', '1', '2', 4, '278'),
(284, '允许', 'workclass_admin', '1', '1', '1', 1, '279'),
(285, '拒绝', 'workclass_admin', '0', '2', '1', 2, '279'),
(376, '允许', 'excel_9', '1', '1', '1', 1, '359'),
(377, '拒绝', 'excel_9', '0', '1', '1', 2, '359');
INSERT INTO toa_menu (menuid, menuname, menuurl, fatherid, menutype, menunum, menukey) VALUES
(4, '工作流转', 'home.php?mid=4', '0', '0', 2, '1'),
(277, '报表与统计', 'admin.php?ac=charts&fileurl=workclass', '4', '2', 6, '0'),
(278, '流程综合统计', 'admin.php?ac=charts&fileurl=workclass', '277', '2', 1, '0'),
(279, '流程模型统计', 'admin.php?ac=charts&fileurl=workclass&do=tpl', '277', '2', 2, '0'),
(280, '统程模型管理', 'admin.php?ac=charts&fileurl=workclass&do=mana', '277', '2', 3, '0'),
(269, '流程管理', 'admin.php?ac=list&fileurl=workclass&type=3', '4', '2', 4, '0'),
(270, '流程设置', 'admin.php?ac=type&fileurl=workclass', '4', '2', 7, '0'),
(271, '新建流程', 'admin.php?ac=workadd&fileurl=workclass', '4', '2', 1, '0'),
(272, '待我审批', 'admin.php?ac=list&fileurl=workclass&type=1', '4', '2', 2, '0'),
(273, '经我审批', 'admin.php?ac=list&fileurl=workclass&type=2', '4', '2', 3, '0'),
(274, '流程列表', 'admin.php?ac=list&fileurl=workclass', '4', '2', 5, '0'),
(275, '工作流类别管理', 'admin.php?ac=type&fileurl=workclass', '270', '2', 1, '0'),
(276, '工作流模型管理', 'admin.php?ac=tpl&fileurl=workclass', '270', '2', 2, '0');
INSERT INTO toa_workclass_type (tid, typename, uid, typenum) VALUES
(11, '财务部', '1', 1),
(12, '采购部', '1', 2),
(14, '媒介部', '1', 5),
(17, '销售部', '1', 4),
(19, '行政部', '1', 3);
INSERT INTO toa_workclass_template (tplid, title, typeid, tplkey, tpltype, tpluser, tpladmin, uid, tpladdr) VALUES
(3, '付款费用', '11', '3', '1', '0', '0', '1', 'fukuanfeiyong.php'),
(5, '业务进账', '11', '3', '1', '0', '0', '1', 'yewujinzhang.php'),
(6, '借款单', '11', '3', '1', '0', '0', '1', 'jiekuandan.php'),
(7, '物资借款单', '11', '3', '1', '0', '0', '1', 'wuzijiekuandan.php'),
(8, '部门备用金使用情况月统计表', '11', '3', '1', '0', '0', '1', 'yuetongjibiao.php'),
(10, '月报表', '12', '3', '1', '0', '0', '1', 'yuebaobiao.php'),
(16, '项目材料清单', '12', '3', '1', '0', '管理员', '1', 'xiangmucailiaoqingdan.php'),
(18, '采购物品申购计划单', '12', '3', '1', '0', '0', '1', 'jihuadan.php'),
(20, '合同审批表媒体类', '14', '3', '1', '0', '0', '1', 'hetongshenpibiaomeitilei.php'),
(21, '媒体发布表', '14', '3', '1', '0', '0', '1', 'meitifabubiao.php'),
(22, '媒体经营汇总表', '14', '3', '1', '0', '0', '1', 'meitijingyinghuizongbiao.php'),
(28, '合同审批表', '17', '3', '1', '0', '0', '1', 'hetongshenpibiao.php'),
(43, '岗位变动通知书', '19', '3', '1', '0', '0', '1', 'hishu.php'),
(44, '休假申请表', '19', '3', '1', '0', '0', '1', 'xiujiashenqingbiao.php'),
(45, '员工补助申请单', '19', '3', '1', '0', '0', '1', 'nqingdan.php'),
(46, '员工复职登记表', '19', '3', '1', '0', '0', '1', 'zhidengjibiao.php'),
(47, '员工扣款通知单', '19', '3', '1', '0', '0', '1', 'ongzhidan.php'),
(48, '公务车行车记录月报表', '19', '3', '1', '0', '0', '1', 'biao.php'),
(49, '公务车加油记录月报表', '19', '3', '1', '0', '0', '1', 'ujiluyuebaobiao.php'),
(52, '废弃物处理申报表', '19', '3', '1', '0', '0', '1', 'baobiao.php'),
(53, '废弃物处理登记表', '19', '3', '1', '0', '0', '1', 'feiqiwuchulidengjibiao.php'),
(56, '员工入职审批', '19', '3', '1', '0', '0', '1', 'yuangongruzhishenpi.php'),
(58, '固定资产清查盘点登记表', '19', '3', '1', '0', '0', '1', 'ndengjibiao.php'),
(66, '员工离职交接单', '19', '3', '1', '0', '0', '1', 'yuangonglizhijiaojiedan.php');
INSERT INTO toa_workclass_from (fromid, fromname, inputname, inputvalue, inputtype, inputtype1, inputvaluenum, confirmation, uid, tplid, flowid, typeid, formtype) VALUES
(3, '请款类别', '_11_3_type', '报销', '0', '4', '报销|借款', '2', '1', '3', '', '11', '1'),
(4, '项目', '_11_3_pro', '', '0', '1', '', '1', '1', '3', '', '11', '1'),
(5, '合同编号', '_11_3_number', '', '0', '1', '', '1', '1', '3', '', '11', '1'),
(6, '费用类别', '_11_3_types', '', '0', '4', '管理|营业|其他', '2', '1', '3', '', '11', '1'),
(7, '付款金额', '_11_3_price', '', '0', '1', '', '1', '1', '3', '', '11', '1'),
(8, '大写', '_11_3_prices', '', '0', '1', '', '1', '1', '3', '', '11', '1'),
(9, '付款说明', '_11_3_note', '', '0', '2', '', '1', '1', '3', '', '11', '1'),
(10, '付款单位', '_11_3_company', '', '0', '1', '', '1', '1', '3', '', '11', '1'),
(11, '收款单位', '_11_3_myyp', '', '0', '1', '', '1', '1', '3', '', '11', '1'),
(12, '部门', '_11_3_dix', '', '4', '1', '', '2', '1', '3', '', '11', '1'),
(14, '项目名称', '_12_16_name', '', '0', '1', '', '1', '1', '16', '', '12', '1'),
(15, '日期', '_12_16_date', '', '3', '1', '', '1', '1', '16', '', '12', '1'),
(16, '合同编号', '_12_16_number', '', '0', '1', '', '1', '1', '16', '', '12', '1'),
(17, '项目地点', '_12_16_address', '', '0', '1', '', '2', '1', '16', '', '12', '1'),
(18, '所需材料清单', '_12_16_content', '', '0', '2', '', '2', '1', '16', '', '12', '1'),
(35, '申购物品名称', '_12_18_wname', '', '6', '1', '', '2', '1', '18', '', '12', '1'),
(34, '工单号', '_12_18_zipcode', '', '0', '1', '', '2', '1', '18', '', '12', '1'),
(33, '合同编号', '_12_18_number', '', '0', '1', '', '2', '1', '18', '', '12', '1'),
(32, '项目名称', '_12_18_name', '', '0', '1', '', '1', '1', '18', '', '12', '1'),
(31, '供货商', '_12_18_company', '', '0', '1', '', '2', '1', '18', '', '12', '1'),
(30, '部门', '_12_18_dep', '', '4', '1', '', '1', '1', '18', '', '12', '1'),
(29, '项目类型', '_12_16_type', '', '0', '1', '', '2', '1', '16', '', '12', '1'),
(36, '品牌', '_12_18_wping', '', '6', '1', '', '2', '1', '18', '', '12', '1'),
(37, '规格', '_12_18_wgg', '', '6', '1', '', '2', '1', '18', '', '12', '1'),
(38, '型号', '_12_18_wxh', '', '6', '1', '', '2', '1', '18', '', '12', '1'),
(39, '颜色', '_12_18_wys', '', '6', '1', '', '2', '1', '18', '', '12', '1'),
(40, '单位', '_12_18_wdw', '', '6', '1', '', '2', '1', '18', '', '12', '1'),
(41, '数量', '_12_18_wxl', '', '6', '1', '', '2', '1', '18', '', '12', '1'),
(42, '单价', '_12_18_wdj', '', '6', '1', '', '2', '1', '18', '', '12', '1'),
(43, '金额', '_12_18_wprice', '', '6', '1', '', '2', '1', '18', '', '12', '1'),
(44, '备注', '_12_18_wnote', '', '6', '1', '', '2', '1', '18', '', '12', '1'),
(45, '合计大写', '_12_18_pidfdd', '', '0', '1', '', '2', '1', '18', '', '12', '1'),
(46, '合计', '_12_18_hj', '', '0', '1', '', '2', '1', '18', '', '12', '1'),
(47, '付款方式', '_12_18_type', '', '0', '4', '支票|现金|月结|其他并说明', '2', '1', '18', '', '12', '1'),
(48, '备注', '_12_18_note', '', '0', '2', '', '2', '1', '18', '', '12', '1'),
(96, '日期', '_12_10_1', '', '3', '1', '', '1', '1', '10', '', '12', '1'),
(97, '供货商', '_12_10_a1', '', '6', '1', '', '2', '1', '10', '', '12', '1'),
(98, '总金额', '_12_10_a2', '', '6', '1', '', '2', '1', '10', '', '12', '1'),
(99, '已付金额', '_12_10_a3', '', '6', '1', '', '2', '1', '10', '', '12', '1'),
(100, '未付金额', '_12_10_a4', '', '6', '1', '', '2', '1', '10', '', '12', '1'),
(101, '已回发票', '_12_10_a5', '', '6', '1', '', '2', '1', '10', '', '12', '1'),
(102, '未回发票', '_12_10_a6', '', '6', '1', '', '2', '1', '10', '', '12', '1'),
(103, '已回收据', '_12_10_a7', '', '6', '1', '', '2', '1', '10', '', '12', '1'),
(104, '未回收据', '_12_10_a8', '', '6', '1', '', '2', '1', '10', '', '12', '1'),
(105, '备注', '_12_10_a9', '', '6', '1', '', '2', '1', '10', '', '12', '1'),
(106, '日期', '_11_3_fs', '', '3', '1', '', '1', '1', '3', '', '11', '1'),
(126, '日期', '_11_5_1', '', '3', '1', '', '1', '1', '5', '', '11', '1'),
(127, '收款单位', '_11_5_2', '', '0', '1', '', '1', '1', '5', '', '11', '1'),
(128, '收款部门', '_11_5_3', '', '4', '1', '', '1', '1', '5', '', '11', '1'),
(129, '付款单位', '_11_5_4', '', '0', '1', '', '1', '1', '5', '', '11', '1'),
(130, '合同编号', '_11_5_5', '', '0', '1', '', '1', '1', '5', '', '11', '1'),
(131, '进账项目', '_11_5_6', '', '0', '1', '', '2', '1', '5', '', '11', '1'),
(132, '合同总额', '_11_5_7', '', '0', '1', '', '2', '1', '5', '', '11', '1'),
(133, '本次收款金额（小写）', '_11_5_8', '', '0', '1', '', '1', '1', '5', '', '11', '1'),
(134, '金额大写', '_11_5_9', '', '0', '1', '', '2', '1', '5', '', '11', '1'),
(135, '回款比例', '_11_5_10', '', '0', '1', '', '2', '1', '5', '', '11', '1'),
(136, '尾款', '_11_5_11', '', '0', '1', '', '2', '1', '5', '', '11', '1'),
(137, '尾款到期日期', '_11_5_12', '', '0', '1', '', '2', '1', '5', '', '11', '1'),
(138, '财务部签收人员', '_11_5_13', '', '5', '1', '', '2', '1', '5', '', '11', '1'),
(139, '签收日期', '_11_5_14', '', '3', '1', '', '2', '1', '5', '', '11', '1'),
(140, '备注', '_11_5_15', '', '0', '1', '', '2', '1', '5', '', '11', '1'),
(141, '日期', '_11_6_1', '', '3', '1', '', '1', '1', '6', '', '11', '1'),
(142, '借款单位', '_11_6_2', '', '0', '1', '', '1', '1', '6', '', '11', '1'),
(143, '借款部门', '_11_6_3', '', '4', '1', '', '1', '1', '6', '', '11', '1'),
(144, '借款金额（大写）', '_11_6_4', '', '0', '1', '', '1', '1', '6', '', '11', '1'),
(145, '小写', '_11_6_5', '', '0', '1', '', '1', '1', '6', '', '11', '1'),
(146, '借款方式', '_11_6_6', '', '0', '4', '现金|支票|电汇', '2', '1', '6', '', '11', '1'),
(147, '借款事由', '_11_6_7', '', '0', '1', '', '2', '1', '6', '', '11', '1'),
(148, '收款单位信息', '_11_6_8', '', '0', '1', '', '2', '1', '6', '', '11', '1'),
(149, '备注', '_11_6_9', '', '0', '1', '', '2', '1', '6', '', '11', '1'),
(150, '日期', '_11_7_1', '', '3', '1', '', '1', '1', '7', '', '11', '1'),
(151, '借款单位', '_11_7_2', '', '0', '1', '', '1', '1', '7', '', '11', '1'),
(152, '借款部门', '_11_7_3', '', '4', '1', '', '1', '1', '7', '', '11', '1'),
(153, '借款金额（大写）', '_11_7_4', '', '0', '1', '', '1', '1', '7', '', '11', '1'),
(154, '小写', '_11_7_5', '', '0', '1', '', '1', '1', '7', '', '11', '1'),
(155, '借款方式', '_11_7_6', '', '0', '4', '现金|支票|电汇', '2', '1', '7', '', '11', '1'),
(156, '申购物品', '_11_7_7', '', '0', '1', '', '2', '1', '7', '', '11', '1'),
(157, '单价', '_11_7_8', '', '0', '1', '', '2', '1', '7', '', '11', '1'),
(158, '数量', '_11_7_9', '', '0', '1', '', '2', '1', '7', '', '11', '1'),
(159, '申购物品图像', '_11_7_10', '', '1', '1', '', '2', '1', '7', '', '11', '1'),
(160, '收款单位信息', '_11_7_11', '', '0', '1', '', '2', '1', '7', '', '11', '1'),
(161, '备注', '_11_7_12', '', '0', '1', '', '2', '1', '7', '', '11', '1'),
(162, '部门申购申请', '_11_7_13', '', '0', '2', '', '2', '1', '7', '', '11', '1'),
(163, '部门', '_11_8_1', '', '4', '1', '', '1', '1', '8', '', '11', '1'),
(164, '日期（日期区间）', '_11_8_2', '', '0', '1', '', '2', '1', '8', '', '11', '1'),
(165, '日期', '_11_8_a1', '', '6', '1', '', '2', '1', '8', '', '11', '1'),
(166, '明细', '_11_8_a2', '', '6', '1', '', '2', '1', '8', '', '11', '1'),
(167, '金额', '_11_8_a3', '', '6', '1', '', '2', '1', '8', '', '11', '1'),
(168, '领用人', '_11_8_a4', '', '6', '1', '', '2', '1', '8', '', '11', '1'),
(169, '结转日期', '_11_8_a5', '', '6', '1', '', '2', '1', '8', '', '11', '1'),
(170, '是否报回', '_11_8_a6', '', '6', '1', '', '2', '1', '8', '', '11', '1'),
(171, '回款日', '_11_8_a7', '', '6', '1', '', '2', '1', '8', '', '11', '1'),
(172, '借方', '_11_8_a8', '', '6', '1', '', '2', '1', '8', '', '11', '1'),
(173, '贷方', '_11_8_a9', '', '6', '1', '', '2', '1', '8', '', '11', '1'),
(174, '余额', '_11_8_a10', '', '6', '1', '', '2', '1', '8', '', '11', '1'),
(175, '单号', '_12_18_111', '', '0', '1', '', '2', '1', '18', '', '12', '1'),
(176, '单号', '_11_3_1213', '', '0', '1', '', '2', '1', '3', '', '11', '1'),
(177, '申请人', '_11_3_user', '', '5', '1', '', '1', '1', '3', '', '11', '1'),
(180, '收款人', '_11_5_user', '', '5', '1', '', '1', '1', '5', '', '11', '1'),
(181, '借款人', '_11_6_user', '', '5', '1', '', '1', '1', '6', '', '11', '1'),
(182, '借款人', '_11_7_user', '', '5', '1', '', '1', '1', '7', '', '11', '1'),
(183, '填报人', '_11_8_user', '', '5', '1', '', '1', '1', '8', '', '11', '1'),
(249, '经办人', '_14_20_1', '', '5', '1', '', '1', '1', '20', '', '14', '1'),
(250, '日期', '_14_20_2', '', '3', '1', '', '1', '1', '20', '', '14', '1'),
(251, '合同项目', '_14_20_3', '', '0', '1', '', '2', '1', '20', '', '14', '1'),
(252, '甲方', '_14_20_4', '', '0', '1', '', '2', '1', '20', '', '14', '1'),
(253, '乙方', '_14_20_5', '', '0', '1', '', '2', '1', '20', '', '14', '1'),
(254, '合同编号', '_14_20_6', '', '0', '1', '', '2', '1', '20', '', '14', '1'),
(255, '项目地点', '_14_20_7', '', '0', '1', '', '2', '1', '20', '', '14', '1'),
(256, '合同类型', '_14_20_8', '', '0', '1', '', '2', '1', '20', '', '14', '1'),
(257, '合同期限', '_14_20_9', '', '0', '1', '', '2', '1', '20', '', '14', '1'),
(258, '合同金额', '_14_20_10', '', '0', '1', '', '2', '1', '20', '', '14', '1'),
(259, '大写', '_14_20_11', '', '0', '1', '', '2', '1', '20', '', '14', '1'),
(260, '付款方式', '_14_20_12', '', '0', '1', '', '2', '1', '20', '', '14', '1'),
(261, '项目内容说明', '_14_20_13', '', '0', '2', '', '2', '1', '20', '', '14', '1'),
(262, '备注', '_14_20_14', '', '0', '1', '', '2', '1', '20', '', '14', '1'),
(263, '媒体编号', '_14_21_a1', '', '6', '1', '', '2', '1', '21', '', '14', '1'),
(264, '媒体位置', '_14_21_a2', '', '6', '1', '', '2', '1', '21', '', '14', '1'),
(265, '合同编号', '_14_21_a3', '', '6', '1', '', '2', '1', '21', '', '14', '1'),
(266, '所属客户', '_14_21_a4', '', '6', '1', '', '2', '1', '21', '', '14', '1'),
(267, '合同类型', '_14_21_a5', '', '6', '1', '', '2', '1', '21', '', '14', '1'),
(268, '客户名称', '_14_21_a6', '', '6', '1', '', '2', '1', '21', '', '14', '1'),
(269, '制作内容', '_14_21_a7', '', '6', '1', '', '2', '1', '21', '', '14', '1'),
(270, '合同金额', '_14_21_a8', '', '6', '1', '', '2', '1', '21', '', '14', '1'),
(271, '发布期限', '_14_21_a9', '', '6', '1', '', '2', '1', '21', '', '14', '1'),
(272, '填报人', '_14_21_1', '', '5', '1', '', '1', '1', '21', '', '14', '1'),
(273, '填报人', '_14_22_1', '', '5', '1', '', '1', '1', '22', '', '14', '1'),
(274, '媒体编号', '_14_22_a1', '', '6', '1', '', '2', '1', '22', '', '14', '1'),
(275, '地点', '_14_22_a2', '', '6', '1', '', '2', '1', '22', '', '14', '1'),
(276, '面积', '_14_22_a3', '', '6', '1', '', '2', '1', '22', '', '14', '1'),
(277, '合同编号', '_14_22_a4', '', '6', '1', '', '2', '1', '22', '', '14', '1'),
(278, '合同期限', '_14_22_a5', '', '6', '1', '', '2', '1', '22', '', '14', '1'),
(279, '签约年限', '_14_22_a6', '', '6', '1', '', '2', '1', '22', '', '14', '1'),
(280, '年租金', '_14_22_a7', '', '6', '1', '', '2', '1', '22', '', '14', '1'),
(281, '签约金额', '_14_22_a8', '', '6', '1', '', '2', '1', '22', '', '14', '1'),
(282, '市容', '_14_22_a9', '', '6', '1', '', '2', '1', '22', '', '14', '1'),
(283, '工商', '_14_22_a10', '', '6', '1', '', '2', '1', '22', '', '14', '1'),
(284, '其他', '_14_22_a11', '', '6', '1', '', '2', '1', '22', '', '14', '1'),
(285, '已付款金额', '_14_22_a12', '', '6', '1', '', '2', '1', '22', '', '14', '1'),
(286, '当月（年）付款', '_14_22_a13', '', '6', '1', '', '2', '1', '22', '', '14', '1'),
(287, '付款日期', '_14_22_a14', '', '6', '1', '', '2', '1', '22', '', '14', '1'),
(288, '累计付款金额', '_14_22_a15', '', '6', '1', '', '2', '1', '22', '', '14', '1'),
(289, '上次电表数', '_14_22_a16', '', '6', '1', '', '2', '1', '22', '', '14', '1'),
(290, '本次电表数', '_14_22_a17', '', '6', '1', '', '2', '1', '22', '', '14', '1'),
(291, '付款金额', '_14_22_a18', '', '6', '1', '', '2', '1', '22', '', '14', '1'),
(292, '付款日期', '_14_22_a19', '', '6', '1', '', '2', '1', '22', '', '14', '1'),
(293, '付款金额', '_14_22_a20', '', '6', '1', '', '2', '1', '22', '', '14', '1'),
(294, '付款日期', '_14_22_a21', '', '6', '1', '', '2', '1', '22', '', '14', '1'),
(295, '付款金额', '_14_22_a22', '', '6', '1', '', '2', '1', '22', '', '14', '1'),
(296, '付款日期', '_14_22_a23', '', '6', '1', '', '2', '1', '22', '', '14', '1'),
(297, '检测内容', '_14_22_a24', '', '6', '1', '', '2', '1', '22', '', '14', '1'),
(298, '监测日期', '_14_22_a25', '', '6', '1', '', '2', '1', '22', '', '14', '1'),
(353, '经办人', '_17_28_1', '', '5', '1', '', '1', '1', '28', '', '17', '1'),
(354, '日期', '_17_28_2', '', '3', '1', '', '1', '1', '28', '', '17', '1'),
(355, '合同项目', '_17_28_3', '', '0', '1', '', '2', '1', '28', '', '17', '1'),
(356, '甲方', '_17_28_4', '', '0', '1', '', '2', '1', '28', '', '17', '1'),
(357, '乙方', '_17_28_5', '', '0', '1', '', '2', '1', '28', '', '17', '1'),
(358, '合同编号', '_17_28_6', '', '0', '1', '', '2', '1', '28', '', '17', '1'),
(359, '项目地点', '_17_28_7', '', '0', '1', '', '2', '1', '28', '', '17', '1'),
(360, '合同类型', '_17_28_8', '', '0', '1', '', '2', '1', '28', '', '17', '1'),
(361, '合同期限', '_17_28_9', '', '0', '1', '', '2', '1', '28', '', '17', '1'),
(362, '合同金额', '_17_28_10', '', '0', '1', '', '2', '1', '28', '', '17', '1'),
(363, '大写', '_17_28_11', '', '0', '1', '', '2', '1', '28', '', '17', '1'),
(364, '付款方式', '_17_28_12', '', '0', '1', '', '2', '1', '28', '', '17', '1'),
(365, '项目内容说明', '_17_28_13', '', '0', '2', '', '2', '1', '28', '', '17', '1'),
(366, '备注', '_17_28_14', '', '0', '1', '', '2', '1', '28', '', '17', '1'),
(606, '编号', '_19_43_1', '', '0', '1', '', '2', '1', '43', '', '19', '1'),
(607, '姓名', '_19_43_2', '', '5', '1', '', '1', '1', '43', '', '19', '1'),
(608, '性别', '_19_43_3', '', '0', '3', '男|女', '2', '1', '43', '', '19', '1'),
(609, '入司日期', '_19_43_4', '', '3', '1', '', '2', '1', '43', '', '19', '1'),
(610, '调动原因', '_19_43_5', '', '0', '4', '新上任|升职|薪金调整|完成试用期|辞职|内部调整|延长试用期|合约终止&nbsp;&nbsp;解雇', '2', '1', '43', '', '19', '1'),
(611, '最后工作日', '_19_43_6', '', '0', '1', '', '2', '1', '43', '', '19', '1'),
(612, '生效日期', '_19_43_7', '', '0', '1', '', '2', '1', '43', '', '19', '1'),
(613, '原员工姓名', '_19_43_8', '', '5', '1', '', '2', '1', '43', '', '19', '1'),
(614, '最后工作日', '_19_43_9', '', '0', '1', '', '2', '1', '43', '', '19', '1'),
(615, '由', '_19_43_a1', '', '6', '1', '', '2', '1', '43', '', '19', '1'),
(616, '去', '_19_43_a2', '', '6', '1', '', '2', '1', '43', '', '19', '1'),
(617, '备注', '_19_43_a3', '', '6', '1', '', '2', '1', '43', '', '19', '1'),
(618, '部门', '_19_44_1', '', '4', '1', '', '1', '1', '44', '', '19', '1'),
(619, '职务', '_19_44_2', '', '0', '1', '', '2', '1', '44', '', '19', '1'),
(620, '姓名', '_19_44_3', '', '5', '1', '', '1', '1', '44', '', '19', '1'),
(621, '请假类别', '_19_44_4', '', '0', '4', '休假|公假|病假|事假|其他', '2', '1', '44', '', '19', '1'),
(622, '请假时间', '_19_44_5', '', '0', '1', '', '2', '1', '44', '', '19', '1'),
(623, '请假时间', '_19_44_6', '', '0', '1', '', '2', '1', '44', '', '19', '1'),
(624, '总计请假', '_19_44_7', '', '0', '1', '', '2', '1', '44', '', '19', '1'),
(625, '员工姓名', '_19_45_1', '', '5', '1', '', '1', '1', '45', '', '19', '1'),
(626, '部门', '_19_45_2', '', '4', '1', '', '1', '1', '45', '', '19', '1'),
(627, '职位', '_19_45_3', '', '0', '1', '', '2', '1', '45', '', '19', '1'),
(628, '申请事由', '_19_45_4', '', '0', '1', '', '2', '1', '45', '', '19', '1'),
(629, '申请决定', '_19_45_5', '', '0', '1', '', '2', '1', '45', '', '19', '1'),
(630, '其他备注说明', '_19_45_6', '', '0', '1', '', '2', '1', '45', '', '19', '1'),
(631, '综管部发单', '_19_45_7', '', '0', '1', '', '2', '1', '45', '', '19', '1'),
(632, '生效日期', '_19_45_8', '', '3', '1', '', '2', '1', '45', '', '19', '1'),
(633, '编号', '_19_46_1', '', '0', '1', '', '2', '1', '46', '', '19', '1'),
(634, '姓名', '_19_46_2', '', '5', '1', '', '1', '1', '46', '', '19', '1'),
(635, '员工编号', '_19_46_3', '', '0', '1', '', '2', '1', '46', '', '19', '1'),
(636, '入司日期', '_19_46_4', '', '3', '1', '', '1', '1', '46', '', '19', '1'),
(637, '复职原因', '_19_46_5', '', '0', '4', '长期病事假|法定休假|其他', '2', '1', '46', '', '19', '1'),
(638, '最后工作日', '_19_46_6', '', '0', '1', '', '2', '1', '46', '', '19', '1'),
(639, '部门', '_19_46_7', '', '0', '1', '', '2', '1', '46', '', '19', '1'),
(640, '部门', '_19_46_8', '', '0', '1', '', '2', '1', '46', '', '19', '1'),
(641, '部门', '_19_46_9', '', '0', '1', '', '2', '1', '46', '', '19', '1'),
(642, '生效日期', '_19_46_10', '', '0', '1', '', '2', '1', '46', '', '19', '1'),
(643, '员工姓名', '_19_47_1', '', '5', '1', '', '1', '1', '47', '', '19', '1'),
(644, '部门', '_19_47_2', '', '4', '1', '', '1', '1', '47', '', '19', '1'),
(645, '职位', '_19_47_3', '', '0', '1', '', '2', '1', '47', '', '19', '1'),
(646, '扣款事由', '_19_47_4', '', '0', '1', '', '2', '1', '47', '', '19', '1'),
(647, '处理决定', '_19_47_5', '', '0', '1', '', '2', '1', '47', '', '19', '1'),
(648, '其他备注说明', '_19_47_6', '', '0', '1', '', '2', '1', '47', '', '19', '1'),
(649, '综管部发单', '_19_47_7', '', '0', '1', '', '2', '1', '47', '', '19', '1'),
(650, '生效日期', '_19_47_8', '', '3', '1', '', '1', '1', '47', '', '19', '1'),
(651, '年', '_19_48_1', '', '0', '1', '', '1', '1', '48', '', '19', '1'),
(652, '月', '_19_48_2', '', '0', '1', '', '1', '1', '48', '', '19', '1'),
(653, '日期', '_19_48_a1', '', '6', '1', '', '2', '1', '48', '', '19', '1'),
(654, '用车', '_19_48_a2', '', '6', '1', '', '2', '1', '48', '', '19', '1'),
(655, '行程', '_19_48_a3', '', '6', '1', '', '2', '1', '48', '', '19', '1'),
(656, '合同号/管理', '_19_48_a4', '', '6', '1', '', '2', '1', '48', '', '19', '1'),
(657, '用车部门', '_19_48_a5', '', '6', '1', '', '2', '1', '48', '', '19', '1'),
(658, '用车人', '_19_48_a6', '', '6', '1', '', '2', '1', '48', '', '19', '1'),
(659, '司机', '_19_48_a7', '', '6', '1', '', '2', '1', '48', '', '19', '1'),
(660, '入部门', '_19_48_a8', '', '6', '1', '', '2', '1', '48', '', '19', '1'),
(661, '车牌号', '_19_48_a9', '', '6', '1', '', '2', '1', '48', '', '19', '1'),
(662, '出车', '_19_48_a10', '', '6', '1', '', '2', '1', '48', '', '19', '1'),
(663, '收车', '_19_48_a11', '', '6', '1', '', '2', '1', '48', '', '19', '1'),
(664, '出车', '_19_48_a12', '', '6', '1', '', '2', '1', '48', '', '19', '1'),
(665, '收车', '_19_48_a13', '', '6', '1', '', '2', '1', '48', '', '19', '1'),
(666, '公里', '_19_48_a14', '', '6', '1', '', '2', '1', '48', '', '19', '1'),
(667, '公里数', '_19_48_a15', '', '6', '1', '', '2', '1', '48', '', '19', '1'),
(668, '加油金额', '_19_48_a16', '', '6', '1', '', '2', '1', '48', '', '19', '1'),
(669, '加油量', '_19_48_a17', '', '6', '1', '', '2', '1', '48', '', '19', '1'),
(670, '卡号', '_19_48_a18', '', '6', '1', '', '2', '1', '48', '', '19', '1'),
(671, '年', '_19_49_1', '', '0', '1', '', '1', '1', '49', '', '19', '1'),
(672, '月', '_19_49_2', '', '0', '1', '', '1', '1', '49', '', '19', '1'),
(673, '区间', '_19_49_3', '', '0', '1', '', '2', '1', '49', '', '19', '1'),
(674, '填报人', '_19_49_4', '', '5', '1', '', '1', '1', '49', '', '19', '1'),
(675, '总计', '_19_49_5', '', '0', '1', '', '2', '1', '49', '', '19', '1'),
(676, '本月主卡、子卡加油', '_19_49_6', '', '0', '1', '', '2', '1', '49', '', '19', '1'),
(677, '本月加油总额', '_19_49_7', '', '0', '1', '', '2', '1', '49', '', '19', '1'),
(678, '备注', '_19_49_8', '', '0', '1', '', '2', '1', '49', '', '19', '1'),
(679, '部门分摊', '_19_49_9', '', '0', '1', '', '2', '1', '49', '', '19', '1'),
(680, '部门', '_19_49_a1', '', '6', '1', '', '2', '1', '49', '', '19', '1'),
(681, '所属公司', '_19_49_a2', '', '6', '1', '', '2', '1', '49', '', '19', '1'),
(682, '车名', '_19_49_a3', '', '6', '1', '', '2', '1', '49', '', '19', '1'),
(683, '车牌号', '_19_49_a4', '', '6', '1', '', '2', '1', '49', '', '19', '1'),
(684, '油卡号', '_19_49_a5', '', '6', '1', '', '2', '1', '49', '', '19', '1'),
(685, '上月余额', '_19_49_a6', '', '6', '1', '', '2', '1', '49', '', '19', '1'),
(686, '本月分油金额', '_19_49_a7', '', '6', '1', '', '2', '1', '49', '', '19', '1'),
(687, '本月总额', '_19_49_a8', '', '6', '1', '', '2', '1', '49', '', '19', '1'),
(688, '加油金额', '_19_49_a9', '', '6', '1', '', '2', '1', '49', '', '19', '1'),
(689, '加油量', '_19_49_a10', '', '6', '1', '', '2', '1', '49', '', '19', '1'),
(690, '里程数', '_19_49_a11', '', '6', '1', '', '2', '1', '49', '', '19', '1'),
(691, '百公里耗油', '_19_49_a12', '', '6', '1', '', '2', '1', '49', '', '19', '1'),
(692, '本月余额', '_19_49_a13', '', '6', '1', '', '2', '1', '49', '', '19', '1'),
(693, '备注', '_19_49_a14', '', '6', '1', '', '2', '1', '49', '', '19', '1'),
(694, '主卡', '_19_49_a15', '', '6', '1', '', '2', '1', '49', '', '19', '1'),
(695, '总计', '_19_49_a16', '', '6', '1', '', '2', '1', '49', '', '19', '1'),
(742, '部门', '_19_52_1', '', '4', '1', '', '1', '1', '52', '', '19', '1'),
(743, '申报人', '_19_52_2', '', '5', '1', '', '1', '1', '52', '', '19', '1'),
(744, '申报日期', '_19_52_3', '', '3', '1', '', '2', '1', '52', '', '19', '1'),
(745, '废弃物类型', '_19_52_4', '', '0', '2', '', '2', '1', '52', '', '19', '1'),
(746, '金额', '_19_53_1', '', '0', '1', '', '2', '1', '53', '', '19', '1'),
(747, '金额', '_19_53_2', '', '0', '1', '', '2', '1', '53', '', '19', '1'),
(748, '经办人', '_19_53_3', '', '5', '1', '', '1', '1', '53', '', '19', '1'),
(749, '处理日期', '_19_53_a1', '', '6', '1', '', '2', '1', '53', '', '19', '1'),
(750, '废弃物名称', '_19_53_a2', '', '6', '1', '', '2', '1', '53', '', '19', '1'),
(751, '排放量', '_19_53_a3', '', '6', '1', '', '2', '1', '53', '', '19', '1'),
(752, '单价', '_19_53_a4', '', '6', '1', '', '2', '1', '53', '', '19', '1'),
(753, '金额', '_19_53_a5', '', '6', '1', '', '2', '1', '53', '', '19', '1'),
(754, '处置办法', '_19_53_a6', '', '6', '1', '', '2', '1', '53', '', '19', '1'),
(755, '办理人', '_19_53_a7', '', '6', '1', '', '2', '1', '53', '', '19', '1'),
(756, '备注', '_19_53_a8', '', '6', '1', '', '2', '1', '53', '', '19', '1'),
(804, '姓名', '_19_56_1', '', '0', '1', '', '1', '1', '56', '', '19', '1'),
(805, '性别', '_19_56_2', '', '0', '3', '男|女', '2', '1', '56', '', '19', '1'),
(806, '民族', '_19_56_3', '', '0', '1', '', '2', '1', '56', '', '19', '1'),
(807, '出生年月', '_19_56_4', '', '0', '1', '', '2', '1', '56', '', '19', '1'),
(808, '部门', '_19_56_5', '', '4', '1', '', '2', '1', '56', '', '19', '1'),
(809, '职位', '_19_56_6', '', '0', '1', '', '2', '1', '56', '', '19', '1'),
(810, '身份证号', '_19_56_7', '', '0', '1', '', '2', '1', '56', '', '19', '1'),
(811, '户籍所在地', '_19_56_8', '', '0', '1', '', '2', '1', '56', '', '19', '1'),
(812, '现居住地', '_19_56_9', '', '0', '1', '', '2', '1', '56', '', '19', '1'),
(821, '编号', '_19_58_1', '', '0', '1', '', '2', '1', '58', '', '19', '1'),
(822, '统计日期', '_19_58_2', '', '3', '1', '', '2', '1', '58', '', '19', '1'),
(823, '编制', '_19_58_3', '', '5', '1', '', '1', '1', '58', '', '19', '1'),
(824, '编号', '_19_58_a1', '', '6', '1', '', '2', '1', '58', '', '19', '1'),
(825, '名称', '_19_58_a2', '', '6', '1', '', '2', '1', '58', '', '19', '1'),
(826, '规格型号', '_19_58_a3', '', '6', '1', '', '2', '1', '58', '', '19', '1'),
(827, '显示器', '_19_58_a4', '', '6', '1', '', '2', '1', '58', '', '19', '1'),
(828, '生产厂家/品牌', '_19_58_a5', '', '6', '1', '', '2', '1', '58', '', '19', '1'),
(829, '数量/面积', '_19_58_a6', '', '6', '1', '', '2', '1', '58', '', '19', '1'),
(830, '制造日期', '_19_58_a7', '', '6', '1', '', '2', '1', '58', '', '19', '1'),
(831, '购置日期', '_19_58_a8', '', '6', '1', '', '2', '1', '58', '', '19', '1'),
(832, '投产日期', '_19_58_a9', '', '6', '1', '', '2', '1', '58', '', '19', '1'),
(833, '购买金额', '_19_58_a10', '', '6', '1', '', '2', '1', '58', '', '19', '1'),
(834, '使用状况', '_19_58_a11', '', '6', '1', '', '2', '1', '58', '', '19', '1'),
(835, '使用部门', '_19_58_a12', '', '6', '1', '', '2', '1', '58', '', '19', '1'),
(836, '使用人', '_19_58_a13', '', '6', '1', '', '2', '1', '58', '', '19', '1'),
(837, '备注', '_19_58_a14', '', '6', '1', '', '2', '1', '58', '', '19', '1'),
(931, '编号', '_19_66_1', '', '0', '1', '', '2', '1', '66', '', '19', '1'),
(932, '填表日期', '_19_66_2', '', '3', '1', '', '1', '1', '66', '', '19', '1'),
(933, '姓     名', '_19_66_3', '', '0', '1', '', '2', '1', '66', '', '19', '1'),
(934, '职&nbsp;&nbsp;&nbsp;&nbsp;务', '_19_66_4', '', '0', '1', '', '2', '1', '66', '', '19', '1'),
(935, '部&nbsp;&nbsp;&nbsp;&nbsp;门', '_19_66_5', '', '4', '1', '', '1', '1', '66', '', '19', '1'),
(936, '最后工作日', '_19_66_6', '', '0', '1', '', '2', '1', '66', '', '19', '1'),
(937, '现 住 址', '_19_66_7', '', '0', '1', '', '2', '1', '66', '', '19', '1'),
(938, '联系电话', '_19_66_8', '', '0', '1', '', '2', '1', '66', '', '19', '1'),
(939, '交接明细单', '_19_66_9', '', '0', '4', '有|无', '2', '1', '66', '', '19', '1'),
(940, '合同', '_19_66_10', '', '0', '4', '有|无', '2', '1', '66', '', '19', '1'),
(941, '其他', '_19_66_11', '', '0', '1', '', '2', '1', '66', '', '19', '1'),
(942, '附件', '_19_66_12', '', '2', '1', '', '2', '1', '66', '', '19', '1'),
(943, '工作交接人', '_19_66_13', '', '5', '1', '', '2', '1', '66', '', '19', '1'),
(944, '工作接收人', '_19_66_14', '', '5', '1', '', '2', '1', '66', '', '19', '1'),
(949, '工作日志', '_19_66_213_2', '', '0', '1', '', '2', '1', '66', '213', '19', '2'),
(948, '办公文具', '_19_66_213_1', '', '0', '1', '', '2', '1', '66', '213', '19', '2'),
(950, '电话/长途卡', '_19_66_213_3', '', '0', '1', '', '2', '1', '66', '213', '19', '2'),
(951, '抽屉钥匙', '_19_66_213_4', '', '0', '1', '', '2', '1', '66', '213', '19', '2'),
(952, '公司门钥匙', '_19_66_213_5', '', '0', '1', '', '2', '1', '66', '213', '19', '2'),
(953, '车&nbsp;&nbsp;钥&nbsp;&nbsp;匙', '_19_66_213_6', '', '0', '1', '', '2', '1', '66', '213', '19', '2'),
(954, '油&nbsp;&nbsp;&nbsp;&nbsp;卡', '_19_66_213_7', '', '0', '1', '', '2', '1', '66', '213', '19', '2'),
(955, '电&nbsp;&nbsp;&nbsp;&nbsp;脑', '_19_66_213_8', '', '0', '1', '', '2', '1', '66', '213', '19', '2'),
(956, '桌&nbsp;&nbsp;&nbsp;&nbsp;&nbsp;&nbsp;椅', '_19_66_213_9', '', '0', '1', '', '2', '1', '66', '213', '19', '2'),
(957, '其&nbsp;&nbsp;&nbsp;&nbsp;他', '_19_66_213_10', '', '0', '1', '', '2', '1', '66', '213', '19', '2'),
(958, '应出勤天数', '_19_66_214_1', '', '0', '1', '', '2', '1', '66', '214', '19', '2'),
(959, '实际出勤天数', '_19_66_214_2', '', '0', '1', '', '2', '1', '66', '214', '19', '2'),
(960, '其中病/事假天数', '_19_66_214_3', '', '0', '1', '', '2', '1', '66', '214', '19', '2'),
(961, '矿工天数', '_19_66_214_4', '', '0', '1', '', '2', '1', '66', '214', '19', '2'),
(962, '迟到次数', '_19_66_214_5', '', '0', '1', '', '2', '1', '66', '214', '19', '2'),
(963, '缺勤时长', '_19_66_214_6', '', '0', '1', '', '2', '1', '66', '214', '19', '2'),
(964, '入职日期', '_19_66_214_7', '', '3', '1', '', '2', '1', '66', '214', '19', '2'),
(965, '转正日期', '_19_66_214_8', '', '3', '1', '', '2', '1', '66', '214', '19', '2'),
(966, '公司缴纳保险日期', '_19_66_214_9', '', '3', '1', '', '2', '1', '66', '214', '19', '2'),
(967, '公司停缴保险日期', '_19_66_214_10', '', '3', '1', '', '2', '1', '66', '214', '19', '2'),
(968, '合同签订日期', '_19_66_214_11', '', '3', '1', '', '2', '1', '66', '214', '19', '2'),
(969, '合同解约期', '_19_66_214_12', '', '3', '1', '', '2', '1', '66', '214', '19', '2'),
(970, '其&nbsp;&nbsp;&nbsp;&nbsp;他', '_19_66_214_13', '', '0', '1', '', '2', '1', '66', '214', '19', '2'),
(971, '欠款', '_19_66_215_1', '', '0', '3', '无|有', '2', '1', '66', '215', '19', '2'),
(972, '欠款合计', '_19_66_215_2', '', '0', '1', '', '2', '1', '66', '215', '19', '2'),
(973, '还款方式', '_19_66_215_3', '', '0', '1', '', '2', '1', '66', '215', '19', '2'),
(974, '其他', '_19_66_215_4', '', '0', '1', '', '2', '1', '66', '215', '19', '2');
INSERT INTO toa_workclass_flow (fid, flowname, flownum, flowuser, uid, tplid, typeid, flowkey, flowkey1, flowkey2, flowkey3) VALUES
(4, '部门负责人审批', '2', '', '1', '3', '11', '1', '1', '2', '2'),
(3, '申请人提交申请', '1', NULL, '1', '3', '11', '1', '1', '2', '2'),
(5, '财务负责人审批', '3', '', '1', '3', '11', '1', '1', '2', '2'),
(6, '总经理审批', '4', '', '1', '3', '11', '1', '1', '2', '2'),
(7, '经手人', '5', '', '1', '3', '11', '2', '1', '2', '2'),
(8, '申请人提交申请', '1', NULL, '1', '7', '11', '1', '1', '2', '2'),
(9, '申请人提交申请', '1', NULL, '1', '16', '12', '1', '1', '2', '2'),
(10, '部门负责人审批', '2', '管理员,baiwei.jiang,baiwei.jiang1', '1', '16', '12', '2', '2', '2', '1'),
(11, '申请人提交申请', '1', NULL, '1', '18', '12', '1', '1', '2', '2'),
(12, '采购部负责人', '2', '', '1', '18', '12', '1', '1', '2', '2'),
(13, '财务部负责人', '3', '', '1', '18', '12', '1', '1', '2', '2'),
(14, '总经理审批', '4', '', '1', '18', '12', '2', '1', '2', '2'),
(21, '申请人提交申请', '1', NULL, '1', '10', '12', '1', '1', '2', '2'),
(22, '部门负责人审批', '2', '', '1', '10', '12', '1', '1', '2', '2'),
(23, '财务负责人审批', '3', '', '1', '10', '12', '1', '1', '2', '2'),
(24, '总经理审批', '4', '', '1', '10', '12', '2', '1', '2', '2'),
(30, '申请人提交申请', '1', NULL, '1', '5', '11', '1', '1', '2', '2'),
(31, '部门负责人审批', '2', '', '1', '5', '11', '1', '1', '2', '2'),
(32, '财务负责人审批', '3', '', '1', '5', '11', '1', '1', '2', '2'),
(33, '总经理审批', '4', '', '1', '5', '11', '1', '1', '2', '2'),
(34, '经手人', '5', '', '1', '5', '11', '2', '1', '2', '2'),
(35, '申请人提交申请', '1', NULL, '1', '6', '11', '1', '1', '2', '2'),
(36, '部门负责人审批', '2', '', '1', '6', '11', '1', '1', '2', '2'),
(37, '财务负责人审批', '3', '', '1', '6', '11', '1', '1', '2', '2'),
(38, '总经理审批', '4', '', '1', '6', '11', '1', '1', '2', '2'),
(39, '经手人', '5', '', '1', '6', '11', '2', '1', '2', '2'),
(40, '行政负责人审批', '2', '', '1', '7', '11', '1', '1', '2', '2'),
(41, '财务负责人审批', '3', '', '1', '7', '11', '1', '1', '2', '2'),
(42, '总经理审批', '4', '', '1', '7', '11', '1', '1', '2', '2'),
(43, '经手人', '5', '', '1', '7', '11', '2', '1', '2', '2'),
(44, '申请人提交申请', '1', NULL, '1', '8', '11', '1', '1', '2', '2'),
(45, '财务审批', '2', '', '1', '8', '11', '2', '1', '2', '2'),
(66, '申请人提交申请', '1', NULL, '1', '20', '14', '1', '1', '2', '2'),
(67, '部门负责人审批', '2', '', '1', '20', '14', '1', '1', '2', '2'),
(68, '财务负责人审批', '3', '', '1', '20', '14', '1', '1', '2', '2'),
(69, '总经理审批', '4', '', '1', '20', '14', '2', '1', '2', '2'),
(70, '申请人提交申请', '1', NULL, '1', '21', '14', '1', '1', '2', '2'),
(71, '部门负责人审批', '2', '', '1', '21', '14', '2', '1', '2', '2'),
(72, '申请人提交申请', '1', NULL, '1', '22', '14', '1', '1', '2', '2'),
(73, '部门负责人审批', '2', '', '1', '22', '14', '1', '1', '2', '2'),
(74, '财务负责人审批', '3', '', '1', '22', '14', '1', '1', '2', '2'),
(75, '总经理审批', '4', '', '1', '22', '14', '2', '1', '2', '2'),
(92, '申请人提交申请', '1', NULL, '1', '28', '17', '1', '1', '2', '2'),
(93, '部门负责人审批', '2', '', '1', '28', '17', '1', '1', '2', '2'),
(94, '运营负责人审批', '3', '', '1', '28', '17', '1', '1', '2', '2'),
(95, '财务负责人审批', '4', '', '1', '28', '17', '1', '1', '2', '2'),
(96, '总经理审批', '5', '', '1', '28', '17', '2', '1', '2', '2'),
(134, '申请人提交申请', '1', NULL, '1', '43', '19', '1', '1', '2', '2'),
(135, '部门主管意见', '2', '', '1', '43', '19', '1', '1', '2', '2'),
(136, '行政部经理意见', '3', '', '1', '43', '19', '1', '1', '2', '2'),
(137, '总经理意见', '4', '', '1', '43', '19', '2', '1', '2', '2'),
(138, '申请人提交申请', '1', NULL, '1', '44', '19', '1', '1', '2', '2'),
(139, '部门负责人审批', '2', '', '1', '44', '19', '1', '1', '2', '2'),
(140, '行政负责人审批', '3', '', '1', '44', '19', '1', '1', '2', '2'),
(141, '总经理审批', '4', '', '1', '44', '19', '2', '1', '2', '2'),
(142, '申请人提交申请', '1', NULL, '1', '45', '19', '1', '1', '2', '2'),
(143, '部门经理确认', '2', '', '1', '45', '19', '1', '1', '2', '2'),
(144, '总经理审批', '3', '', '1', '45', '19', '1', '1', '2', '2'),
(145, '申请员工确认签名', '4', '', '1', '45', '19', '2', '1', '2', '2'),
(146, '申请人提交申请', '1', NULL, '1', '46', '19', '1', '1', '2', '2'),
(147, '部门主管意见', '2', '', '1', '46', '19', '1', '1', '2', '2'),
(148, '行政部经理意见', '3', '', '1', '46', '19', '1', '1', '2', '2'),
(149, '总经理意见', '4', '', '1', '46', '19', '2', '1', '2', '2'),
(150, '申请人提交申请', '1', NULL, '1', '47', '19', '1', '1', '2', '2'),
(151, '部门经理确认', '2', '', '1', '47', '19', '1', '1', '2', '2'),
(152, '总经理审批', '3', '', '1', '47', '19', '1', '1', '2', '2'),
(153, '申请员工确认签名', '4', '', '1', '47', '19', '2', '1', '2', '2'),
(154, '申请人提交申请', '1', NULL, '1', '48', '19', '1', '1', '2', '2'),
(155, '部门负责人审批', '2', '', '1', '48', '19', '1', '1', '2', '2'),
(156, '行政负责人审批', '3', '', '1', '48', '19', '2', '1', '2', '2'),
(157, '申请人提交申请', '1', NULL, '1', '49', '19', '1', '1', '2', '2'),
(158, '部门负责人审批', '2', '', '1', '49', '19', '1', '1', '2', '2'),
(159, '财务负责人审批', '3', '', '1', '49', '19', '1', '1', '2', '2'),
(160, '总经理审批', '4', '', '1', '49', '19', '2', '1', '2', '2'),
(171, '申请人提交申请', '1', NULL, '1', '52', '19', '1', '1', '2', '2'),
(172, '部门负责人审批', '2', '', '1', '52', '19', '1', '1', '2', '2'),
(173, '行政负责人审批', '3', '', '1', '52', '19', '2', '1', '2', '2'),
(174, '申请人提交申请', '1', NULL, '1', '53', '19', '1', '1', '2', '2'),
(175, '行政负责人审批', '2', '', '1', '53', '19', '1', '1', '2', '2'),
(176, '财务负责人审批', '3', '', '1', '53', '19', '2', '1', '2', '2'),
(181, '申请人提交申请', '1', NULL, '1', '56', '19', '1', '1', '2', '2'),
(182, '部门负责人审批', '2', '', '1', '56', '19', '1', '1', '2', '2'),
(183, '行政负责人审批', '3', '', '1', '56', '19', '1', '1', '2', '2'),
(184, '总经理审批', '4', '', '1', '56', '19', '2', '1', '2', '2'),
(189, '申请人提交申请', '1', NULL, '1', '58', '19', '1', '1', '2', '2'),
(190, '审核', '2', '', '1', '58', '19', '2', '1', '2', '2'),
(211, '申请人提交申请', '1', NULL, '1', '66', '19', '1', '1', '2', '2'),
(212, '部门责任人审批', '2', '', '1', '66', '19', '1', '1', '2', '2'),
(213, '行政专员', '3', '', '1', '66', '19', '1', '1', '2', '2'),
(214, '人事专员', '4', '', '1', '66', '19', '1', '1', '2', '2'),
(215, '财务经理', '5', '', '1', '66', '19', '1', '1', '2', '2'),
(216, '行政部经理', '6', '', '1', '66', '19', '1', '1', '2', '2'),
(217, '总经理', '7', '', '1', '66', '19', '2', '1', '2', '2');

