DROP TABLE IF EXISTS toa_workclass_flow;
CREATE TABLE `toa_workclass_flow` (
  `fid` int(11) NOT NULL AUTO_INCREMENT,
  `flowname` varchar(64) DEFAULT NULL,
  `flownum` varchar(2) DEFAULT NULL,
  `flowuser` varchar(128) DEFAULT NULL,
  `uid` varchar(16) DEFAULT NULL,
  `tplid` varchar(16) DEFAULT NULL,
  `typeid` varchar(16) DEFAULT NULL,
  `flowkey` varchar(2) DEFAULT NULL,
  `flowkey1` varchar(2) DEFAULT NULL,
  `flowkey2` varchar(2) DEFAULT NULL,
  `flowkey3` varchar(2) DEFAULT NULL,
  `flowkey4` varchar(64) DEFAULT NULL,
  `flowdate` varchar(16) DEFAULT NULL,
  `flowdatetype` varchar(2) DEFAULT NULL,
  PRIMARY KEY (`fid`)
) ENGINE=MyISAM AUTO_INCREMENT=1076 DEFAULT CHARSET=utf8;

INSERT INTO toa_workclass_flow VALUES ('1000','申请人提交申请','1','','1','1000','1000','1','1','2','2','','','');
INSERT INTO toa_workclass_flow VALUES ('1001','微薄内容审批','2','唐义,李庆友,陈彦,朱蓉,李灵英,刘燕,李华聪,王正洪,彭静耘,曾文兵,姚立,雷蕾,杨邦华,刘晓春,朱建凌,王思铁,罗斯华,王鹏,张德华,刘蔚','1','1000','1000','1','2','2','2','','30','0');
INSERT INTO toa_workclass_flow VALUES ('1057','处长审批','2','朱蓉,潘晔','41','1019','1008','1','1','2','','','30','0');
INSERT INTO toa_workclass_flow VALUES ('1058','承办','3','','41','1019','1008','2','1','1','1','','30','0');
INSERT INTO toa_workclass_flow VALUES ('1061','处长审批','2','刘燕','3','1020','1007','1','1','2','','','30','0');
INSERT INTO toa_workclass_flow VALUES ('1060','申请人提交申请','1','','3','1020','1007','1','1','2','2','','','');
INSERT INTO toa_workclass_flow VALUES ('1012','申请人提交申请','1','','1','1006','1000','1','1','2','2','','','');
INSERT INTO toa_workclass_flow VALUES ('1056','申请人提交申请','1','','41','1019','1008','1','1','2','2','','','');
INSERT INTO toa_workclass_flow VALUES ('1063','申请人提交申请','1','','48','1021','1011','1','1','2','2','','','');
INSERT INTO toa_workclass_flow VALUES ('1064','处长审批','2','陈彦,黄宇,薛兵','48','1021','1011','1','1','2','2','','30','0');
INSERT INTO toa_workclass_flow VALUES ('1065','具体承办','3','','48','1021','1011','2','1','1','1','','30','0');
INSERT INTO toa_workclass_flow VALUES ('1016','申请人提交申请','1','','1','1009','1000','1','1','2','2','','','');
INSERT INTO toa_workclass_flow VALUES ('1017','处室审批','2','唐义,李庆友,陈彦,朱蓉,李灵英,刘燕,李华聪,王正洪,彭静耘,曾文兵,姚立,雷蕾,杨邦华,刘晓春,朱建凌,王思铁,罗斯华,王鹏,张德华,刘蔚','1','1009','1000','2','2','2','2','','30','0');
INSERT INTO toa_workclass_flow VALUES ('1018','申请人提交申请','1','','1','1010','1000','1','1','2','2','','','');
INSERT INTO toa_workclass_flow VALUES ('1019','处室审核','2','唐义,李庆友,陈彦,朱蓉,李灵英,刘燕,李华聪,王正洪,彭静耘,曾文兵,姚立,雷蕾,杨邦华,刘晓春,朱建凌,王思铁,罗斯华,王鹏,张德华,刘蔚','1','1010','1000','1','2','2','','','30','0');
INSERT INTO toa_workclass_flow VALUES ('1020','财务处审核','3','朱蓉','1','1010','1000','1','2','2','','','30','0');
INSERT INTO toa_workclass_flow VALUES ('1021','局领导审批','4','张谷,刘兵,邹积立,何智彬,向伟益,刘维嘉,张华林,杨晖,都勤,廖蔚,何大清,郭全喜,张克明,覃?虎,张海鹏,汪社林','1','1010','1000','2','2','2','','','30','0');
INSERT INTO toa_workclass_flow VALUES ('1022','申请人提交申请','1','','1','1011','1004','1','1','2','2','','','');
INSERT INTO toa_workclass_flow VALUES ('1023','信息处审核','3','张谷,刘兵,邹积立,何智彬,向伟益,刘维嘉,张华林,杨晖,都勤,廖蔚,何大清,郭全喜,张克明,覃?虎,张海鹏,汪社林','1','1000','1000','1','2','2','2','','180','1');
INSERT INTO toa_workclass_flow VALUES ('1024','局领导审批','4','张谷,刘兵,邹积立,何智彬,向伟益,刘维嘉,张华林,杨晖,都勤,廖蔚,何大清,郭全喜,张克明,覃?虎,张海鹏,汪社林','1','1000','1000','1','2','2','','','30','0');
INSERT INTO toa_workclass_flow VALUES ('1025','信息处发布','5','王柯,李立峰','1','1000','1000','2','1','2','','','30','0');
INSERT INTO toa_workclass_flow VALUES ('1027','处室负责人审批','2','唐义,李庆友,陈彦,朱蓉,李灵英,刘燕,李华聪,王正洪,彭静耘,曾文兵,姚立,雷蕾,杨邦华,刘晓春,朱建凌,王思铁,罗斯华,王鹏,张德华,刘蔚','1','1006','1000','2','2','2','2','','30','0');
INSERT INTO toa_workclass_flow VALUES ('1066','办理结果','4','王柯,吴守清,刘燕,李立峰,牟敏','3','1020','1007','2','1','1','1','','30','0');
INSERT INTO toa_workclass_flow VALUES ('1051','组长审核','2','韩峰','192','1017','1000','1','1','2','','','30','0');
INSERT INTO toa_workclass_flow VALUES ('1067','申请人提交申请','1','','167','1022','1000','1','1','2','2','','','');
INSERT INTO toa_workclass_flow VALUES ('1048','申请人提交申请','1','','193','1016','1000','1','1','2','2','','','');
INSERT INTO toa_workclass_flow VALUES ('1049','报财务审核','2','朱蓉','193','1016','1000','1','1','2','','','30','0');
INSERT INTO toa_workclass_flow VALUES ('1050','申请人提交申请','1','','192','1017','1000','1','1','2','2','','','');
INSERT INTO toa_workclass_flow VALUES ('1031','办公室审核','2','唐义,韩峰,周美川','1','1011','1004','1','2','2','','','30','0');
INSERT INTO toa_workclass_flow VALUES ('1032','局领导审批','3','张谷,刘兵,邹积立,何智彬,向伟益,刘维嘉,张华林,杨晖,都勤,廖蔚,何大清,郭全喜,张克明,覃?虎,张海鹏,汪社林','1','1011','1004','2','2','2','2','','30','0');
INSERT INTO toa_workclass_flow VALUES ('1043','申请人提交申请','1','','34','1015','1000','1','1','2','2','','','');
INSERT INTO toa_workclass_flow VALUES ('1044','审批','2','处长,副处长','34','1015','1000','1','2','2','2','','30','0');
INSERT INTO toa_workclass_flow VALUES ('1041','盖印','4','蔡广兵','1','1013','1005','2','2','2','','','30','0');
INSERT INTO toa_workclass_flow VALUES ('1038','申请人提交申请','1','','1','1013','1005','1','1','2','2','','','');
INSERT INTO toa_workclass_flow VALUES ('1039','副书记审核','2','杨邦华','1','1013','1005','1','2','2','','','30','0');
INSERT INTO toa_workclass_flow VALUES ('1040','书记审批','3','张华林','1','1013','1005','3','2','2','','1039,','30','0');
INSERT INTO toa_workclass_flow VALUES ('1045','处长审批','3','处长','34','1015','1000','1','2','2','2','','30','0');
INSERT INTO toa_workclass_flow VALUES ('1062','承办流转','3','王柯,吴守清,刘燕,李立峰,牟敏','3','1020','1007','1','1','1','1','','30','0');
INSERT INTO toa_workclass_flow VALUES ('1068','接受阅览','2','','167','1022','1000','1','1','1','1','','30','0');
INSERT INTO toa_workclass_flow VALUES ('1069','结束','3','','167','1022','1000','2','1','1','1','','30','0');
INSERT INTO toa_workclass_flow VALUES ('1070','申请人提交申请','1','','107','1023','1015','1','1','2','2','','','');
INSERT INTO toa_workclass_flow VALUES ('1071','批示','2','','107','1023','1015','1','1','1','1','','30','0');
INSERT INTO toa_workclass_flow VALUES ('1072','承办','3','','107','1023','1015','1','1','1','1','','30','0');
INSERT INTO toa_workclass_flow VALUES ('1073','结束','4','','107','1023','1015','2','1','2','2','1071,1072,','30','0');
INSERT INTO toa_workclass_flow VALUES ('1074','申请人提交申请','1','','3','1024','1007','1','1','2','2','','','');
INSERT INTO toa_workclass_flow VALUES ('1075','收文','2','','3','1024','1007','2','1','1','1','','30','0');

DROP TABLE IF EXISTS toa_workclass_from;
CREATE TABLE `toa_workclass_from` (
  `fromid` int(11) NOT NULL AUTO_INCREMENT,
  `fromname` varchar(64) DEFAULT NULL,
  `inputname` varchar(64) DEFAULT NULL,
  `inputvalue` varchar(128) DEFAULT NULL,
  `inputtype` varchar(2) DEFAULT NULL,
  `inputtype1` varchar(2) DEFAULT NULL,
  `inputvaluenum` tinytext,
  `confirmation` varchar(2) DEFAULT NULL,
  `uid` varchar(16) DEFAULT NULL,
  `tplid` varchar(16) DEFAULT NULL,
  `flowid` varchar(16) DEFAULT NULL,
  `typeid` varchar(16) DEFAULT NULL,
  `formtype` varchar(2) DEFAULT NULL,
  `inputnumber` int(11) DEFAULT NULL,
  `w` varchar(16) DEFAULT NULL,
  `h` varchar(16) DEFAULT NULL,
  PRIMARY KEY (`fromid`)
) ENGINE=MyISAM AUTO_INCREMENT=1027 DEFAULT CHARSET=utf8;

INSERT INTO toa_workclass_from VALUES ('1000','微薄内容','toa_9922_20131210203556','','0','2','','1','1','1000','','1000','1','999','','');
INSERT INTO toa_workclass_from VALUES ('1010','请示单','toa_3785_20131218165823','','0','2','','1','1','1006','','1000','1','999','','');
INSERT INTO toa_workclass_from VALUES ('1017','残值单审核','toa_3898_20140320111043','','0','1','','1','193','1016','1049','1000','2','999','','');
INSERT INTO toa_workclass_from VALUES ('1008','办公用品采购','toa_0019_20131218160829','','0','2','','1','1','1009','','1000','1','999','','');
INSERT INTO toa_workclass_from VALUES ('1016','内容','toa_7090_20140226203712','','0','2','','1','192','1015','','1000','1','999','','');
INSERT INTO toa_workclass_from VALUES ('1012','采购单','toa_5979_20131218170914','','0','2','','1','1','1010','','1000','1','999','','');
INSERT INTO toa_workclass_from VALUES ('1013','档案借阅申请单','toa_6605_20131218171009','','0','2','','1','1','1011','','1004','1','999','','');
INSERT INTO toa_workclass_from VALUES ('1015','用印单','toa_2352_20131218175222','','0','2','','1','1','1013','','1005','1','999','','');
INSERT INTO toa_workclass_from VALUES ('1018','审核表','toa_6584_20140606103425','','0','2','','1','192','1017','1051','1000','2','999','','');
INSERT INTO toa_workclass_from VALUES ('1022','公文流转','toa_7380_20140612103848','','0','2','','1','48','1021','','1011','1','999','350','350');
INSERT INTO toa_workclass_from VALUES ('1020','公文流转','toa_8412_20140610171558','','0','2','','1','41','1019','','1008','1','999','350','350');
INSERT INTO toa_workclass_from VALUES ('1021','办文流转','toa_4028_20140610175507','','0','2','','1','3','1020','','1007','1','999','400','500');
INSERT INTO toa_workclass_from VALUES ('1023','文件分发','toa_9369_20140618092830','','0','2','','1','167','1022','','1000','1','999','350','250');
INSERT INTO toa_workclass_from VALUES ('1024','请示栏','toa_5753_20140623150913','','0','2','','1','107','1023','','1015','1','999','350','350');
INSERT INTO toa_workclass_from VALUES ('1025','传阅','toa_2505_20140624012730','','0','2','','1','3','1024','','1007','1','999','250','250');
INSERT INTO toa_workclass_from VALUES ('1026','收文','toa_5942_20140624012909','','0','2','','1','3','1024','1075','1007','2','999','250','250');

DROP TABLE IF EXISTS toa_workclass_personnel;
CREATE TABLE `toa_workclass_personnel` (
  `perid` int(11) NOT NULL AUTO_INCREMENT,
  `name` varchar(32) DEFAULT NULL,
  `uid` varchar(16) DEFAULT NULL,
  `designationdate` datetime DEFAULT NULL,
  `approvaldate` datetime DEFAULT NULL,
  `lnstructions` varchar(255) DEFAULT NULL,
  `pertype` varchar(2) DEFAULT NULL,
  `workid` varchar(16) DEFAULT NULL,
  `typeid` varchar(16) DEFAULT NULL,
  `flowid` varchar(16) DEFAULT NULL,
  `appkey` varchar(2) DEFAULT NULL,
  `appkey1` varchar(2) DEFAULT NULL,
  `flowdate` varchar(16) DEFAULT NULL,
  `flowdatetype` varchar(2) DEFAULT NULL,
  PRIMARY KEY (`perid`)
) ENGINE=MyISAM AUTO_INCREMENT=1420 DEFAULT CHARSET=utf8;

INSERT INTO toa_workclass_personnel VALUES ('1000','王柯','3','2013-12-13 11:37:58','2013-12-13 11:37:58','生成流程申请单，系统自动完成该步骤','1','1000','1000','1005','2','2','2013-12-13 11:37','0');
INSERT INTO toa_workclass_personnel VALUES ('1001','唐义','2','2013-12-13 11:37:58','','','0','1000','1000','1006','2','','','0');
INSERT INTO toa_workclass_personnel VALUES ('1002','王柯','3','2013-12-13 11:47:41','2013-12-13 11:47:41','生成流程申请单，系统自动完成该步骤','1','1001','1000','1007','2','2','2013-12-13 11:47','0');
INSERT INTO toa_workclass_personnel VALUES ('1003','唐义','2','2013-12-13 11:47:41','2013-12-13 11:49:04','同意','5','1001','1000','1008','2','2','','0');
INSERT INTO toa_workclass_personnel VALUES ('1323','何智彬','16','2014-06-20 18:01:54','','','0','1143','1000','1017','2','2','','0');
INSERT INTO toa_workclass_personnel VALUES ('1307','左绪海','233','2014-06-20 14:12:45','2014-06-20 14:12:45','生成流程申请单，系统自动完成该步骤','1','1137','1000','1043','2','2','2014-06-20 14:12','0');
INSERT INTO toa_workclass_personnel VALUES ('1308','处长','193','2014-06-20 14:12:45','','','0','1137','1000','1044','2','2','','0');
INSERT INTO toa_workclass_personnel VALUES ('1309','刘莉','79','2014-06-20 15:50:32','2014-06-20 15:50:32','生成流程申请单，系统自动完成该步骤','1','1138','1000','1012','2','2','2014-06-20 15:50','0');
INSERT INTO toa_workclass_personnel VALUES ('1310','李庆友','30','2014-06-20 15:50:32','2014-06-20 16:14:38','请刘莉办理。','5','1138','1000','1027','2','','','0');
INSERT INTO toa_workclass_personnel VALUES ('1311','刘蔚','163','2014-06-20 15:59:27','2014-06-20 15:59:27','生成流程申请单，系统自动完成该步骤','1','1139','1000','1043','2','2','2014-06-20 15:59','0');
INSERT INTO toa_workclass_personnel VALUES ('1312','李华聪','57','2014-06-20 15:59:27','2014-06-20 16:28:23','请晓梅阅存。','1','1139','1000','1044','2','2','','0');
INSERT INTO toa_workclass_personnel VALUES ('1313','刘蔚','163','2014-06-20 16:04:09','2014-06-20 16:04:09','生成流程申请单，系统自动完成该步骤','1','1140','1000','1043','2','2','2014-06-20 16:04','0');
INSERT INTO toa_workclass_personnel VALUES ('1314','李华聪','57','2014-06-20 16:04:09','2014-06-20 16:35:20','请登安、蒋蓉按张谷局长、邹立和维嘉副局长批示办理（相关批示见纸质）。\r\n以登安为主、蒋蓉协助。','1','1140','1000','1044','2','2','','0');
INSERT INTO toa_workclass_personnel VALUES ('1315','郑持平','102','2014-06-20 16:05:50','2014-06-20 16:05:50','生成流程申请单，系统自动完成该步骤','1','1141','1000','1067','2','2','2014-06-20 16:05','0');
INSERT INTO toa_workclass_personnel VALUES ('1316','王思铁,冯克努','95,97','2014-06-20 16:05:50','2014-06-23 17:01:08','请财务处按冯主任批示意见办理。','1','1141','1000','1068','1','1','','0');
INSERT INTO toa_workclass_personnel VALUES ('1317','郑持平','102','2014-06-20 16:16:01','2014-06-20 16:16:01','生成流程申请单，系统自动完成该步骤','1','1142','1000','1067','2','2','2014-06-20 16:16','0');
INSERT INTO toa_workclass_personnel VALUES ('1318','冯克努','97','2014-06-20 16:16:01','','','0','1142','1000','1068','1','1','','0');
INSERT INTO toa_workclass_personnel VALUES ('1319','刘蔚','163','','','','0','1117','1000','1045','2','2','','0');
INSERT INTO toa_workclass_personnel VALUES ('1320','王晓梅','62','','','','0','1139','1000','1045','2','2','','0');
INSERT INTO toa_workclass_personnel VALUES ('1321','处长','193','','','','0','1140','1000','1045','2','2','','0');
INSERT INTO toa_workclass_personnel VALUES ('1322','刘莉','79','2014-06-20 18:01:54','2014-06-20 18:01:54','生成流程申请单，系统自动完成该步骤','1','1143','1000','1016','2','2','2014-06-20 18:01','0');
INSERT INTO toa_workclass_personnel VALUES ('1028','管理员','1','2013-12-18 17:29:12','2013-12-18 17:29:12','生成流程申请单，系统自动完成该步骤','1','1013','1004','1034','2','2','2013-12-18 17:29','0');
INSERT INTO toa_workclass_personnel VALUES ('1029','唐义','2','2013-12-18 17:29:12','2013-12-18 17:30:23','同意，请会签','1','1013','1004','1035','2','','','0');
INSERT INTO toa_workclass_personnel VALUES ('1030','李庆友','30','','2013-12-18 17:31:53','不妥哈','3','1013','1004','1036','2','','','0');
INSERT INTO toa_workclass_personnel VALUES ('1031','唐义','2','','','','0','1013','1004','1035','2','','','0');
INSERT INTO toa_workclass_personnel VALUES ('1324','杨萍','35','2014-06-23 10:39:25','2014-06-23 10:39:25','生成流程申请单，系统自动完成该步骤','1','1144','1000','1067','2','2','2014-06-23 10:39','0');
INSERT INTO toa_workclass_personnel VALUES ('1231','刘蔚','163','2014-06-17 14:50:18','2014-06-17 14:50:18','生成流程申请单，系统自动完成该步骤','1','1105','1000','1043','2','2','2014-06-17 14:50','0');
INSERT INTO toa_workclass_personnel VALUES ('1230','王晓梅','62','2014-06-16 17:25:53','2014-06-19 10:33:02','已阅','1','1104','1000','1044','2','2','','0');
INSERT INTO toa_workclass_personnel VALUES ('1229','李华聪','57','2014-06-16 17:25:53','2014-06-16 17:25:53','生成流程申请单，系统自动完成该步骤','1','1104','1000','1043','2','2','2014-06-16 17:25','0');
INSERT INTO toa_workclass_personnel VALUES ('1306','潘晔','55','','','','0','1116','1008','1058','1','1','','0');
INSERT INTO toa_workclass_personnel VALUES ('1232','处长','193','2014-06-17 14:50:18','','','0','1105','1000','1044','2','2','','0');
INSERT INTO toa_workclass_personnel VALUES ('1242','牟敏','167','2014-06-18 10:31:14','2014-06-18 10:31:14','生成流程申请单，系统自动完成该步骤','1','1110','1000','1067','2','2','2014-06-18 10:31','0');
INSERT INTO toa_workclass_personnel VALUES ('1239','刘蔚','163','2014-06-18 10:08:20','2014-06-18 10:08:20','生成流程申请单，系统自动完成该步骤','1','1109','1000','1067','2','2','2014-06-18 10:08','0');
INSERT INTO toa_workclass_personnel VALUES ('1240','李华聪,王强,刘登安','57,58,61','2014-06-18 10:08:20','2014-06-18 16:53:01','已办理','2','1109','1000','1068','1','1','','0');
INSERT INTO toa_workclass_personnel VALUES ('1241','牟敏','167','','2014-06-18 10:43:46','结束','5','1108','1000','1069','2','','','0');
INSERT INTO toa_workclass_personnel VALUES ('1237','牟敏','167','2014-06-18 10:01:49','2014-06-18 10:01:49','生成流程申请单，系统自动完成该步骤','1','1108','1000','1067','2','2','2014-06-18 10:01','0');
INSERT INTO toa_workclass_personnel VALUES ('1238','王柯','3','2014-06-18 10:01:49','2014-06-18 10:16:46','已收','1','1108','1000','1068','1','1','','0');
INSERT INTO toa_workclass_personnel VALUES ('1243','张谷,刘兵,邹积立,何智彬,向伟益,刘维嘉,张华林,杨晖,都勤,','4,14,15,16,17,18','2014-06-18 10:31:14','2014-06-23 17:47:31','已阅。','4','1110','1000','1068','1','1','','0');
INSERT INTO toa_workclass_personnel VALUES ('1244','牟敏','167','2014-06-18 10:38:27','2014-06-18 10:38:27','生成流程申请单，系统自动完成该步骤','1','1111','1000','1067','2','2','2014-06-18 10:38','0');
INSERT INTO toa_workclass_personnel VALUES ('1245','王政洲,杨邦华,韩敏','10,90,92','2014-06-18 10:38:27','2014-06-25 11:03:48','已阅。','4','1111','1000','1068','1','1','','0');
INSERT INTO toa_workclass_personnel VALUES ('1246','王柯','3','2014-06-18 11:04:20','2014-06-18 11:04:20','生成流程申请单，系统自动完成该步骤','1','1112','1007','1060','2','2','2014-06-18 11:04','0');
INSERT INTO toa_workclass_personnel VALUES ('1247','刘燕','54','2014-06-18 11:04:20','2014-06-18 14:38:45','已阅','1','1112','1007','1061','2','','','0');
INSERT INTO toa_workclass_personnel VALUES ('1248','韩敏','92','2014-06-18 11:09:23','2014-06-18 11:09:23','生成流程申请单，系统自动完成该步骤','1','1113','1000','1067','2','2','2014-06-18 11:09','0');
INSERT INTO toa_workclass_personnel VALUES ('1249','牟敏','167','2014-06-18 11:09:23','2014-06-18 11:11:03','收到','1','1113','1000','1068','1','1','','0');
INSERT INTO toa_workclass_personnel VALUES ('1250','韩敏','92','','','','0','1113','1000','1069','2','','','0');
INSERT INTO toa_workclass_personnel VALUES ('1251','韩敏','92','2014-06-18 11:16:26','2014-06-18 11:16:26','生成流程申请单，系统自动完成该步骤','1','1114','1000','1067','2','2','2014-06-18 11:16','0');
INSERT INTO toa_workclass_personnel VALUES ('1252','张谷,刘兵,邹积立,何智彬,向伟益,刘维嘉,张华林,杨晖,都勤,','4,14,15,16,17,18','2014-06-18 11:16:26','2014-06-23 17:09:22','阅','4','1114','1000','1068','1','1','','0');
INSERT INTO toa_workclass_personnel VALUES ('1255','王柯,吴守清,刘燕,李立峰,牟敏','3,31,54,56,167','','2014-06-20 16:58:54','','4','1112','1007','1062','1','1','','0');
INSERT INTO toa_workclass_personnel VALUES ('1253','刘蔚','163','2014-06-18 11:33:59','2014-06-18 11:33:59','生成流程申请单，系统自动完成该步骤','1','1115','1000','1067','2','2','2014-06-18 11:33','0');
INSERT INTO toa_workclass_personnel VALUES ('1254','蒋蓉','63','2014-06-18 11:33:59','','','0','1115','1000','1068','1','1','','0');
INSERT INTO toa_workclass_personnel VALUES ('1256','王丹','41','2014-06-18 15:44:30','2014-06-18 15:44:30','生成流程申请单，系统自动完成该步骤','1','1116','1008','1056','2','2','2014-06-18 15:44','0');
INSERT INTO toa_workclass_personnel VALUES ('1257','朱蓉','37','2014-06-18 15:44:30','2014-06-20 13:03:15','请潘处商指导处落实。','1','1116','1008','1057','2','','','0');
INSERT INTO toa_workclass_personnel VALUES ('1258','王强','58','','','','0','1103','1000','1045','2','2','','0');
INSERT INTO toa_workclass_personnel VALUES ('1262','刘蔚','163','2014-06-19 17:30:21','2014-06-19 17:30:21','生成流程申请单，系统自动完成该步骤','1','1118','1000','1067','2','2','2014-06-19 17:30','0');
INSERT INTO toa_workclass_personnel VALUES ('1259','刘蔚','163','2014-06-19 09:49:08','2014-06-19 09:49:08','生成流程申请单，系统自动完成该步骤','1','1117','1000','1043','2','2','2014-06-19 09:49','0');
INSERT INTO toa_workclass_personnel VALUES ('1260','李华聪','57','2014-06-19 09:49:08','2014-06-20 16:25:59','请晓梅指导刘蔚按省政府督查室来文《通知》要求办理。','1','1117','1000','1044','2','2','','0');
INSERT INTO toa_workclass_personnel VALUES ('1261','处长','193','','','','0','1104','1000','1045','2','2','','0');
INSERT INTO toa_workclass_personnel VALUES ('1263','凉山扶贫办,绵阳扶移局,内江扶移局,南充扶移局,乐山扶移局,自贡','195,197,200,201,','2014-06-19 17:30:21','','','0','1118','1000','1068','1','1','','0');
INSERT INTO toa_workclass_personnel VALUES ('1264','刘蔚','163','2014-06-19 17:51:44','2014-06-19 17:51:44','生成流程申请单，系统自动完成该步骤','1','1119','1000','1043','2','2','2014-06-19 17:51','0');
INSERT INTO toa_workclass_personnel VALUES ('1265','李华聪','57','2014-06-19 17:51:44','2014-06-20 16:36:13','已处理。','2','1119','1000','1044','2','2','','0');
INSERT INTO toa_workclass_personnel VALUES ('1266','王丹','41','2014-06-20 10:16:03','2014-06-20 10:16:03','生成流程申请单，系统自动完成该步骤','1','1120','1008','1056','2','2','2014-06-20 10:16','0');
INSERT INTO toa_workclass_personnel VALUES ('1267','朱蓉','37','2014-06-20 10:16:03','2014-06-20 11:36:13','请潘处阅，刘处阅办，财务人员在政府采购时严格把关。','1','1120','1008','1057','2','','','0');
INSERT INTO toa_workclass_personnel VALUES ('1268','刘莉','79','2014-06-20 10:23:51','2014-06-20 10:23:51','生成流程申请单，系统自动完成该步骤','1','1121','1000','1043','2','2','2014-06-20 10:23','0');
INSERT INTO toa_workclass_personnel VALUES ('1269','处长','193','2014-06-20 10:23:51','','','0','1121','1000','1044','2','2','','0');
INSERT INTO toa_workclass_personnel VALUES ('1270','王丹','41','2014-06-20 10:29:24','2014-06-20 10:29:24','生成流程申请单，系统自动完成该步骤','1','1122','1008','1056','2','2','2014-06-20 10:29','0');
INSERT INTO toa_workclass_personnel VALUES ('1271','朱蓉','37','2014-06-20 10:29:24','2014-06-20 11:30:50','请潘处商后扶处办理。','1','1122','1008','1057','2','','','0');
INSERT INTO toa_workclass_personnel VALUES ('1392','白楠','239','2014-06-25 16:08:57','2014-06-25 16:08:57','生成流程申请单，系统自动完成该步骤','1','1173','1000','1067','2','2','2014-06-25 16:08','0');
INSERT INTO toa_workclass_personnel VALUES ('1274','刘莉','79','2014-06-20 10:53:00','2014-06-20 10:53:00','生成流程申请单，系统自动完成该步骤','1','1124','1000','1043','2','2','2014-06-20 10:53','0');
INSERT INTO toa_workclass_personnel VALUES ('1275','处长','193','2014-06-20 10:53:00','','','0','1124','1000','1044','2','2','','0');
INSERT INTO toa_workclass_personnel VALUES ('1276','王丹','41','2014-06-20 10:53:27','2014-06-20 10:53:27','生成流程申请单，系统自动完成该步骤','1','1125','1008','1056','2','2','2014-06-20 10:53','0');
INSERT INTO toa_workclass_personnel VALUES ('1277','朱蓉','37','2014-06-20 10:53:27','2014-06-20 11:24:57','请潘处阅，刘处与人事处衔接，做好提高护理费的的兑现工作。','1','1125','1008','1057','2','','','0');
INSERT INTO toa_workclass_personnel VALUES ('1278','王丹','41','2014-06-20 11:07:47','2014-06-20 11:07:47','生成流程申请单，系统自动完成该步骤','1','1126','1008','1056','2','2','2014-06-20 11:07','0');
INSERT INTO toa_workclass_personnel VALUES ('1279','朱蓉','37','2014-06-20 11:07:47','2014-06-20 11:18:43','请潘处阅，卢处与安置处衔接，建议去泸定调查了解情况，尽快回复省委巡视组。','1','1126','1008','1057','2','','','0');
INSERT INTO toa_workclass_personnel VALUES ('1280','王柯','3','2014-06-20 11:14:15','2014-06-20 11:14:15','生成流程申请单，系统自动完成该步骤','1','1127','1007','1060','2','2','2014-06-20 11:14','0');
INSERT INTO toa_workclass_personnel VALUES ('1281','刘燕','54','2014-06-20 11:14:15','','','0','1127','1007','1061','2','','','0');
INSERT INTO toa_workclass_personnel VALUES ('1282','卢强,潘晔','38,55','','2014-06-20 15:15:35','已阅，待安置处、审计处收文后，商具体办理事宜。','5','1126','1008','1058','1','1','','0');
INSERT INTO toa_workclass_personnel VALUES ('1283','刘明忠,潘晔','39,55','','2014-06-20 15:19:03','经核实,我局没有建国前参加革命工作的退休工人。','5','1125','1008','1058','1','1','','0');
INSERT INTO toa_workclass_personnel VALUES ('1284','潘晔','55','','','','0','1122','1008','1058','1','1','','0');
INSERT INTO toa_workclass_personnel VALUES ('1285','刘明忠,杨建红,苟会琼,潘晔','39,40,42,55','','2014-06-25 16:06:03','正在办理','5','1120','1008','1058','1','1','','0');
INSERT INTO toa_workclass_personnel VALUES ('1305','姚立','82','2014-06-20 12:25:05','2014-06-23 17:16:35','协助业务处做好相关工作，加强对地方信访稳定工作的指导和督促，掌握信访稳定动态，严控移民到省集访，重大情况及时报告','1','1136','1000','1068','1','1','','0');
INSERT INTO toa_workclass_personnel VALUES ('1290','张凤英','107','2014-06-20 11:46:15','2014-06-20 11:46:15','生成流程申请单，系统自动完成该步骤','1','1130','1000','1067','2','2','2014-06-20 11:46','0');
INSERT INTO toa_workclass_personnel VALUES ('1291','郑持平','102','2014-06-20 11:46:15','2014-06-20 11:51:12','请王主任阅示','1','1130','1000','1068','1','1','','0');
INSERT INTO toa_workclass_personnel VALUES ('1292','0','0','','','','0','1130','1000','1069','2','','','0');
INSERT INTO toa_workclass_personnel VALUES ('1293','赵燕玲','248','2014-06-20 12:04:40','2014-06-20 12:04:40','生成流程申请单，系统自动完成该步骤','1','1131','1000','1067','2','2','2014-06-20 12:04','0');
INSERT INTO toa_workclass_personnel VALUES ('1294','赵燕玲','248','2014-06-20 12:04:40','2014-06-20 12:06:08','','1','1131','1000','1068','1','1','','0');
INSERT INTO toa_workclass_personnel VALUES ('1295','赵燕玲','248','','','','0','1131','1000','1069','2','','','0');
INSERT INTO toa_workclass_personnel VALUES ('1296','赵燕玲','248','2014-06-20 12:11:51','2014-06-20 12:11:51','生成流程申请单，系统自动完成该步骤','1','1132','1000','1043','2','2','2014-06-20 12:11','0');
INSERT INTO toa_workclass_personnel VALUES ('1297','赵燕玲','248','2014-06-20 12:11:51','','','0','1132','1000','1044','2','2','','0');
INSERT INTO toa_workclass_personnel VALUES ('1298','刘莉','79','2014-06-20 12:14:29','2014-06-20 12:14:29','生成流程申请单，系统自动完成该步骤','1','1133','1000','1043','2','2','2014-06-20 12:14','0');
INSERT INTO toa_workclass_personnel VALUES ('1299','处长','193','2014-06-20 12:14:29','','','0','1133','1000','1044','2','2','','0');
INSERT INTO toa_workclass_personnel VALUES ('1300','赵燕玲','248','2014-06-20 12:15:36','2014-06-20 12:15:36','生成流程申请单，系统自动完成该步骤','1','1134','1000','1067','2','2','2014-06-20 12:15','0');
INSERT INTO toa_workclass_personnel VALUES ('1301','兰素华,黄代利,曾磊','83,84,85','2014-06-20 12:15:36','2014-06-24 08:59:16','重复','2','1134','1000','1068','1','1','','0');
INSERT INTO toa_workclass_personnel VALUES ('1302','刘莉','79','2014-06-20 12:16:11','2014-06-20 12:16:11','生成流程申请单，系统自动完成该步骤','1','1135','1000','1043','2','2','2014-06-20 12:16','0');
INSERT INTO toa_workclass_personnel VALUES ('1303','处长','193','2014-06-20 12:16:11','','','0','1135','1000','1044','2','2','','0');
INSERT INTO toa_workclass_personnel VALUES ('1304','赵燕玲','248','2014-06-20 12:25:05','2014-06-20 12:25:05','生成流程申请单，系统自动完成该步骤','1','1136','1000','1067','2','2','2014-06-20 12:25','0');
INSERT INTO toa_workclass_personnel VALUES ('1226','刘登安','61','2014-06-16 15:15:21','2014-06-18 16:51:59','已办理','2','1102','1000','1044','2','2','','0');
INSERT INTO toa_workclass_personnel VALUES ('1227','刘蔚','163','2014-06-16 16:00:17','2014-06-16 16:00:17','生成流程申请单，系统自动完成该步骤','1','1103','1000','1043','2','2','2014-06-16 16:00','0');
INSERT INTO toa_workclass_personnel VALUES ('1228','李华聪','57','2014-06-16 16:00:17','2014-06-18 16:13:28','请全处传阅，并请王强和大小凉山办小师、小范将昌平常委的讲话要求和局领导相关批示贯穿到彝家新寨建设指导工作中。','1','1103','1000','1044','2','2','','0');
INSERT INTO toa_workclass_personnel VALUES ('1225','李华聪','57','2014-06-16 15:15:21','2014-06-16 15:15:21','生成流程申请单，系统自动完成该步骤','1','1102','1000','1043','2','2','2014-06-16 15:15','0');
INSERT INTO toa_workclass_personnel VALUES ('1184','刘燕','54','2014-06-08 10:04:29','','','0','1085','1007','1053','2','','','0');
INSERT INTO toa_workclass_personnel VALUES ('1185','管理员','1','2014-06-08 10:24:13','2014-06-08 10:24:13','生成流程申请单，系统自动完成该步骤','1','1086','1007','1052','2','2','2014-06-08 10:24','0');
INSERT INTO toa_workclass_personnel VALUES ('1186','刘燕','54','2014-06-08 10:24:13','2014-06-08 10:25:25','再改下','5','1086','1007','1053','2','2','','0');
INSERT INTO toa_workclass_personnel VALUES ('1187','管理员','1','2014-06-08 10:39:13','2014-06-08 10:39:13','生成流程申请单，系统自动完成该步骤','1','1087','1007','1052','2','2','2014-06-08 10:39','0');
INSERT INTO toa_workclass_personnel VALUES ('1188','刘燕','54','2014-06-08 10:39:13','2014-06-08 10:41:20','再修改下','2','1087','1007','1054','2','','','0');
INSERT INTO toa_workclass_personnel VALUES ('1224','潘晔','55','','2014-06-20 11:44:52','已提交政策法规处','5','1101','1008','1058','1','1','','0');
INSERT INTO toa_workclass_personnel VALUES ('1396','刘蔚','163','2014-06-25 16:43:09','2014-06-25 16:43:09','生成流程申请单，系统自动完成该步骤','1','1175','1000','1043','2','2','2014-06-25 16:43','0');
INSERT INTO toa_workclass_personnel VALUES ('1222','王丹','41','2014-06-13 16:44:45','2014-06-13 16:44:45','生成流程申请单，系统自动完成该步骤','1','1101','1008','1056','2','2','2014-06-13 16:44','0');
INSERT INTO toa_workclass_personnel VALUES ('1205','王柯','3','','','','0','1094','1007','1062','2','','','0');
INSERT INTO toa_workclass_personnel VALUES ('1223','朱蓉','37','2014-06-13 16:44:45','2014-06-13 16:48:17','请潘处按文件要求提供有关材料','1','1101','1008','1057','2','','','0');
INSERT INTO toa_workclass_personnel VALUES ('1203','王柯','3','2014-06-10 18:03:39','2014-06-10 18:03:39','生成流程申请单，系统自动完成该步骤','1','1094','1007','1060','2','2','2014-06-10 18:03','0');
INSERT INTO toa_workclass_personnel VALUES ('1204','刘燕','54','2014-06-10 18:03:39','2014-06-10 18:07:04','请王柯办理。','1','1094','1007','1061','2','','','0');
INSERT INTO toa_workclass_personnel VALUES ('1199','王丹','41','2014-06-10 17:38:28','2014-06-10 17:38:28','生成流程申请单，系统自动完成该步骤','1','1092','1008','1056','2','2','2014-06-10 17:38','0');
INSERT INTO toa_workclass_personnel VALUES ('1200','朱蓉','37','2014-06-10 17:38:28','2014-06-10 18:09:25','请潘处牵头，按要求完成半年总结；刘处、卢处分别对财务管理工作、移民资金管理工作进行半年总结，将文稿交潘处汇总。','1','1092','1008','1057','2','','','0');
INSERT INTO toa_workclass_personnel VALUES ('1206','卢强,刘明忠,潘晔','38,39,55','','2014-06-20 11:43:01','已完成。','5','1092','1008','1058','1','1','','0');
INSERT INTO toa_workclass_personnel VALUES ('1219','朱蓉,卢强,刘明忠,杨建红,王丹,苟会琼,潘晔','37,38,39,40,41,4','','2014-06-25 16:23:35','已知','4','1099','1008','1058','1','1','','0');
INSERT INTO toa_workclass_personnel VALUES ('1209','王丹','41','2014-06-11 17:47:08','2014-06-11 17:47:08','生成流程申请单，系统自动完成该步骤','1','1096','1008','1056','2','2','2014-06-11 17:47','0');
INSERT INTO toa_workclass_personnel VALUES ('1210','朱蓉','37','2014-06-11 17:47:08','2014-06-11 17:54:10','请潘处提出建议回复。','1','1096','1008','1057','2','','','0');
INSERT INTO toa_workclass_personnel VALUES ('1211','潘晔','55','','2014-06-17 17:20:53','已回复财政厅。','5','1096','1008','1058','1','1','','0');
INSERT INTO toa_workclass_personnel VALUES ('1212','王柯','3','2014-06-12 14:42:43','2014-06-12 14:42:43','生成流程申请单，系统自动完成该步骤','1','1097','1007','1060','2','2','2014-06-12 14:42','0');
INSERT INTO toa_workclass_personnel VALUES ('1213','吴守清','31','2014-06-12 14:42:43','2014-06-12 14:49:06','请牟敏办理。','1','1097','1007','1061','2','','','0');
INSERT INTO toa_workclass_personnel VALUES ('1214','王柯','3','','2014-06-12 14:50:26','','5','1097','1007','1062','2','','','0');
INSERT INTO toa_workclass_personnel VALUES ('1215','刘蔚','163','2014-06-13 09:33:21','2014-06-13 09:33:21','生成流程申请单，系统自动完成该步骤','1','1098','1000','1043','2','2','2014-06-13 09:33','0');
INSERT INTO toa_workclass_personnel VALUES ('1216','刘登安','61','2014-06-13 09:33:21','2014-06-18 16:50:27','已办理','2','1098','1000','1044','2','2','','0');
INSERT INTO toa_workclass_personnel VALUES ('1217','王丹','41','2014-06-13 15:50:36','2014-06-13 15:50:36','生成流程申请单，系统自动完成该步骤','1','1099','1008','1056','2','2','2014-06-13 15:50','0');
INSERT INTO toa_workclass_personnel VALUES ('1218','朱蓉','37','2014-06-13 15:50:36','2014-06-13 15:57:34','请每位同志按文件要求学习并参加考试。','1','1099','1008','1057','2','','','0');
INSERT INTO toa_workclass_personnel VALUES ('1183','管理员','1','2014-06-08 10:04:29','2014-06-08 10:04:29','生成流程申请单，系统自动完成该步骤','1','1085','1007','1052','2','2','2014-06-08 10:04','0');
INSERT INTO toa_workclass_personnel VALUES ('1325','韩峰,周美川,冯登亮,杨文坚,甘健,李洁,高明,曾文兵,蔡广兵,','6,7,8,9,11,12,13','2014-06-23 10:39:25','','','0','1144','1000','1068','1','1','','0');
INSERT INTO toa_workclass_personnel VALUES ('1326','冯玲','219','2014-06-23 10:51:23','2014-06-23 10:51:23','生成流程申请单，系统自动完成该步骤','1','1145','1000','1043','2','2','2014-06-23 10:51','0');
INSERT INTO toa_workclass_personnel VALUES ('1327','贾寅','222','2014-06-23 10:51:23','','','0','1145','1000','1044','2','2','','0');
INSERT INTO toa_workclass_personnel VALUES ('1328','杨萍','35','2014-06-23 10:58:37','2014-06-23 10:58:37','生成流程申请单，系统自动完成该步骤','1','1146','1000','1067','2','2','2014-06-23 10:58','0');
INSERT INTO toa_workclass_personnel VALUES ('1329','韩峰,周美川,冯登亮,杨文坚,甘健,李洁,高明,曾文兵,蔡广兵,','6,7,8,9,11,12,13','2014-06-23 10:58:37','','','0','1146','1000','1068','1','1','','0');
INSERT INTO toa_workclass_personnel VALUES ('1378','李洁','12','2014-06-25 10:02:45','','','0','1167','1000','1027','2','2','','0');
INSERT INTO toa_workclass_personnel VALUES ('1377','张凤英','107','2014-06-25 10:02:45','2014-06-25 10:02:45','生成流程申请单，系统自动完成该步骤','1','1167','1000','1012','2','2','2014-06-25 10:02','0');
INSERT INTO toa_workclass_personnel VALUES ('1333','张凤英','107','2014-06-23 15:25:58','2014-06-23 15:25:58','生成流程申请单，系统自动完成该步骤','1','1148','1015','1070','2','2','2014-06-23 15:25','0');
INSERT INTO toa_workclass_personnel VALUES ('1334','江志伟','108','2014-06-23 15:25:58','2014-06-23 15:27:08','4321','1','1148','1015','1071','1','1','','0');
INSERT INTO toa_workclass_personnel VALUES ('1335','张凤英','107','','2014-06-23 15:28:24','nijjj','1','1148','1015','1072','1','1','','0');
INSERT INTO toa_workclass_personnel VALUES ('1336','江志伟','108','','2014-06-23 15:33:24','','5','1148','1015','1073','2','2','','0');
INSERT INTO toa_workclass_personnel VALUES ('1337','张凤英','107','2014-06-23 16:38:06','2014-06-23 16:38:06','生成流程申请单，系统自动完成该步骤','1','1149','1000','1067','2','2','2014-06-23 16:38','0');
INSERT INTO toa_workclass_personnel VALUES ('1338','邹积立,刘维嘉','15,18','2014-06-23 16:38:06','2014-06-23 17:08:58','阅。','4','1149','1000','1068','1','1','','0');
INSERT INTO toa_workclass_personnel VALUES ('1339','张凤英','107','2014-06-23 16:45:42','2014-06-23 16:45:42','生成流程申请单，系统自动完成该步骤','1','1150','1000','1012','2','2','2014-06-23 16:45','0');
INSERT INTO toa_workclass_personnel VALUES ('1340','李洁','12','2014-06-23 16:45:42','','','0','1150','1000','1027','2','','','0');
INSERT INTO toa_workclass_personnel VALUES ('1341','王思铁','95','','2014-06-23 17:05:47','办结。','5','1141','1000','1069','2','','','0');
INSERT INTO toa_workclass_personnel VALUES ('1342','赵燕玲','248','','2014-06-24 09:14:07','照办','5','1136','1000','1069','2','','','0');
INSERT INTO toa_workclass_personnel VALUES ('1343','刘莉','79','2014-06-23 17:37:28','2014-06-23 17:37:28','生成流程申请单，系统自动完成该步骤','1','1151','1000','1012','2','2','2014-06-23 17:37','0');
INSERT INTO toa_workclass_personnel VALUES ('1344','李庆友','30','2014-06-23 17:37:28','2014-06-25 14:05:32','请刘莉同志重拟。','5','1151','1000','1027','2','','','0');
INSERT INTO toa_workclass_personnel VALUES ('1345','科员','192','2014-06-23 17:58:05','2014-06-23 17:58:05','生成流程申请单，系统自动完成该步骤','1','1152','1000','1000','2','2','2014-06-23 17:58','0');
INSERT INTO toa_workclass_personnel VALUES ('1346','科员','192','2014-06-23 17:58:05','','','0','1152','1000','1001','2','2','','0');
INSERT INTO toa_workclass_personnel VALUES ('1347','科员','192','2014-06-23 18:08:38','2014-06-23 18:08:38','生成流程申请单，系统自动完成该步骤','1','1153','1000','1012','2','2','2014-06-23 18:08','0');
INSERT INTO toa_workclass_personnel VALUES ('1348','科员','192','2014-06-23 18:08:38','','','0','1153','1000','1027','2','','','0');
INSERT INTO toa_workclass_personnel VALUES ('1349','王柯','3','2014-06-24 01:39:12','2014-06-24 01:39:12','生成流程申请单，系统自动完成该步骤','1','1154','1007','1074','2','2','2014-06-24 01:39','0');
INSERT INTO toa_workclass_personnel VALUES ('1350','管理员','1','2014-06-24 01:39:12','2014-06-24 01:40:08','yiyue','5','1154','1007','1075','1','1','','0');
INSERT INTO toa_workclass_personnel VALUES ('1351','管理员','1','2014-06-24 01:51:26','2014-06-24 01:51:26','生成流程申请单，系统自动完成该步骤','1','1155','1000','1067','2','2','2014-06-24 01:51','0');
INSERT INTO toa_workclass_personnel VALUES ('1352','王柯','3','2014-06-24 01:51:26','2014-06-24 01:52:52','已阅','1','1155','1000','1068','1','1','','0');
INSERT INTO toa_workclass_personnel VALUES ('1353','王柯','3','','2014-06-24 01:53:25','完成','5','1155','1000','1069','1','1','','0');
INSERT INTO toa_workclass_personnel VALUES ('1354','王柯','3','2014-06-24 02:06:51','2014-06-24 02:06:51','生成流程申请单，系统自动完成该步骤','1','1156','1007','1074','2','2','2014-06-24 02:06','0');
INSERT INTO toa_workclass_personnel VALUES ('1355','吴守清,刘燕,李立峰,牟敏','31,54,56,167','2014-06-24 02:06:51','2014-06-25 10:45:41','已阅','4','1156','1007','1075','1','1','','0');
INSERT INTO toa_workclass_personnel VALUES ('1356','刘蔚','163','2014-06-24 10:35:58','2014-06-24 10:35:58','生成流程申请单，系统自动完成该步骤','1','1157','1000','1043','2','2','2014-06-24 10:35','0');
INSERT INTO toa_workclass_personnel VALUES ('1357','李华聪','57','2014-06-24 10:35:58','2014-06-25 10:43:50','请王强阅处。','1','1157','1000','1044','2','2','','0');
INSERT INTO toa_workclass_personnel VALUES ('1358','覃佳','67','2014-06-24 11:27:14','2014-06-24 11:27:14','生成流程申请单，系统自动完成该步骤','1','1158','1000','1067','2','2','2014-06-24 11:27','0');
INSERT INTO toa_workclass_personnel VALUES ('1359','张谷,刘兵,邹积立,何智彬,向伟益,刘维嘉,张华林,杨晖,都勤,','4,14,15,16,17,18','2014-06-24 11:27:14','2014-06-26 10:53:34','已阅。','4','1158','1000','1068','1','1','','0');
INSERT INTO toa_workclass_personnel VALUES ('1360','白楠','239','2014-06-24 14:34:21','2014-06-24 14:34:21','生成流程申请单，系统自动完成该步骤','1','1159','1000','1067','2','2','2014-06-24 14:34','0');
INSERT INTO toa_workclass_personnel VALUES ('1361','白楠','239','2014-06-24 14:34:21','2014-06-24 14:55:26','发','1','1159','1000','1068','1','1','','0');
INSERT INTO toa_workclass_personnel VALUES ('1362','白楠','239','','2014-06-24 14:55:51','照办','5','1159','1000','1069','1','1','','0');
INSERT INTO toa_workclass_personnel VALUES ('1363','白楠','239','2014-06-24 15:16:19','2014-06-24 15:16:19','生成流程申请单，系统自动完成该步骤','1','1160','1000','1067','2','2','2014-06-24 15:16','0');
INSERT INTO toa_workclass_personnel VALUES ('1364','韩峰','6','2014-06-24 15:16:19','','','0','1160','1000','1068','1','1','','0');
INSERT INTO toa_workclass_personnel VALUES ('1365','张凤英','107','2014-06-24 16:42:30','2014-06-24 16:42:30','生成流程申请单，系统自动完成该步骤','1','1161','1015','1070','2','2','2014-06-24 16:42','0');
INSERT INTO toa_workclass_personnel VALUES ('1366','郑持平','102','2014-06-24 16:42:30','','','0','1161','1015','1071','1','1','','0');
INSERT INTO toa_workclass_personnel VALUES ('1367','韩敏','92','2014-06-24 18:06:53','2014-06-24 18:06:53','生成流程申请单，系统自动完成该步骤','1','1162','1000','1067','2','2','2014-06-24 18:06','0');
INSERT INTO toa_workclass_personnel VALUES ('1368','曾文兵,唐义,陈彦,朱蓉,李灵英,刘燕,李华聪,王正洪,李庆友,','70,2,43,37,50,54','2014-06-24 18:06:53','2014-06-25 14:21:37','请按机关党委通知办理。','4','1162','1000','1068','1','1','','0');
INSERT INTO toa_workclass_personnel VALUES ('1369','冯玲','219','2014-06-25 09:37:11','2014-06-25 09:37:11','生成流程申请单，系统自动完成该步骤','1','1163','1000','1067','2','2','2014-06-25 09:37','0');
INSERT INTO toa_workclass_personnel VALUES ('1370','姚立','82','2014-06-25 09:37:11','2014-06-25 14:56:20','请朱敏同志参会。','1','1163','1000','1068','1','1','','0');
INSERT INTO toa_workclass_personnel VALUES ('1371','冯玲','219','2014-06-25 09:38:16','2014-06-25 09:38:16','生成流程申请单，系统自动完成该步骤','1','1164','1000','1067','2','2','2014-06-25 09:38','0');
INSERT INTO toa_workclass_personnel VALUES ('1372','彭静耘','75','2014-06-25 09:38:16','','','0','1164','1000','1068','1','1','','0');
INSERT INTO toa_workclass_personnel VALUES ('1373','冯玲','219','2014-06-25 09:40:10','2014-06-25 09:40:10','生成流程申请单，系统自动完成该步骤','1','1165','1000','1067','2','2','2014-06-25 09:40','0');
INSERT INTO toa_workclass_personnel VALUES ('1374','刘晓春','93','2014-06-25 09:40:10','','','0','1165','1000','1068','1','1','','0');
INSERT INTO toa_workclass_personnel VALUES ('1375','冯玲','219','2014-06-25 09:41:17','2014-06-25 09:41:17','生成流程申请单，系统自动完成该步骤','1','1166','1000','1067','2','2','2014-06-25 09:41','0');
INSERT INTO toa_workclass_personnel VALUES ('1376','陈彦','43','2014-06-25 09:41:17','','','0','1166','1000','1068','1','1','','0');
INSERT INTO toa_workclass_personnel VALUES ('1379','白楠','239','2014-06-25 10:03:56','2014-06-25 10:03:56','生成流程申请单，系统自动完成该步骤','1','1168','1000','1067','2','2','2014-06-25 10:03','0');
INSERT INTO toa_workclass_personnel VALUES ('1380','白楠','239','2014-06-25 10:03:56','','','0','1168','1000','1068','1','1','','0');
INSERT INTO toa_workclass_personnel VALUES ('1381','赵燕玲','248','2014-06-25 10:23:44','2014-06-25 10:23:44','生成流程申请单，系统自动完成该步骤','1','1169','1000','1043','2','2','2014-06-25 10:23','0');
INSERT INTO toa_workclass_personnel VALUES ('1382','姚立','82','2014-06-25 10:23:44','2014-06-25 11:39:15','社会稳定风险评估属大纲和规划阶段工作，该阶段工作信访处从未参与，情况不请，建议按工作阶段归口办理。','1','1169','1000','1044','2','2','','0');
INSERT INTO toa_workclass_personnel VALUES ('1383','白楠','239','2014-06-25 10:27:05','2014-06-25 10:27:05','生成流程申请单，系统自动完成该步骤','1','1170','1000','1067','2','2','2014-06-25 10:27','0');
INSERT INTO toa_workclass_personnel VALUES ('1384','白楠','239','2014-06-25 10:27:05','','','0','1170','1000','1068','1','1','','0');
INSERT INTO toa_workclass_personnel VALUES ('1385','王强','58','','','','0','1157','1000','1045','2','2','','0');
INSERT INTO toa_workclass_personnel VALUES ('1386','何智彬','16','','','','0','1169','1000','1045','2','2','','0');
INSERT INTO toa_workclass_personnel VALUES ('1387','朱敏','250','','2014-06-25 15:57:20','照办。','5','1163','1000','1069','1','1','','0');
INSERT INTO toa_workclass_personnel VALUES ('1388','赵燕玲','248','2014-06-25 15:35:47','2014-06-25 15:35:47','生成流程申请单，系统自动完成该步骤','1','1171','1000','1043','2','2','2014-06-25 15:35','0');
INSERT INTO toa_workclass_personnel VALUES ('1389','姚立','82','2014-06-25 15:35:47','2014-06-26 09:11:53','处内传阅。清赵燕玲收集归','1','1171','1000','1044','2','2','','0');
INSERT INTO toa_workclass_personnel VALUES ('1390','李庆友','30','2014-06-25 15:47:13','2014-06-25 15:47:13','生成流程申请单，系统自动完成该步骤','1','1172','1000','1043','2','2','2014-06-25 15:47','0');
INSERT INTO toa_workclass_personnel VALUES ('1391','李庆友','30','2014-06-25 15:47:13','','','0','1172','1000','1044','2','2','','0');
INSERT INTO toa_workclass_personnel VALUES ('1393','白楠','239','2014-06-25 16:08:57','','','0','1173','1000','1068','1','1','','0');
INSERT INTO toa_workclass_personnel VALUES ('1394','王丹','41','2014-06-25 16:23:30','2014-06-25 16:23:30','生成流程申请单，系统自动完成该步骤','1','1174','1008','1056','2','2','2014-06-25 16:23','0');
INSERT INTO toa_workclass_personnel VALUES ('1395','朱蓉','37','2014-06-25 16:23:30','2014-06-26 11:21:19','请潘处阅办','1','1174','1008','1057','2','','','0');
INSERT INTO toa_workclass_personnel VALUES ('1397','王强','58','2014-06-25 16:43:09','','','0','1175','1000','1044','2','2','','0');
INSERT INTO toa_workclass_personnel VALUES ('1398','赵燕玲','248','2014-06-25 17:02:05','2014-06-25 17:02:05','生成流程申请单，系统自动完成该步骤','1','1176','1000','1043','2','2','2014-06-25 17:02','0');
INSERT INTO toa_workclass_personnel VALUES ('1399','处长','193','2014-06-25 17:02:05','','','0','1176','1000','1044','2','2','','0');
INSERT INTO toa_workclass_personnel VALUES ('1400','王丹','41','2014-06-25 21:24:41','2014-06-25 21:24:41','生成流程申请单，系统自动完成该步骤','1','1177','1008','1056','2','2','2014-06-25 21:24','0');
INSERT INTO toa_workclass_personnel VALUES ('1401','朱蓉','37','2014-06-25 21:24:41','2014-06-26 11:10:50','请潘处阅办，按时间报送','1','1177','1008','1057','2','','','0');
INSERT INTO toa_workclass_personnel VALUES ('1402','王丹','41','2014-06-25 21:30:54','2014-06-25 21:30:54','生成流程申请单，系统自动完成该步骤','1','1178','1008','1056','2','2','2014-06-25 21:30','0');
INSERT INTO toa_workclass_personnel VALUES ('1403','朱蓉','37','2014-06-25 21:30:54','2014-06-26 11:14:19','处内传阅。按会议纪要做好相关工作。','1','1178','1008','1057','2','','','0');
INSERT INTO toa_workclass_personnel VALUES ('1404','王柯','3','2014-06-25 23:33:03','2014-06-25 23:33:03','生成流程申请单，系统自动完成该步骤','1','1179','1007','1060','2','2','2014-06-25 23:33','0');
INSERT INTO toa_workclass_personnel VALUES ('1405','刘燕','54','2014-06-25 23:33:03','','','0','1179','1007','1061','2','','','0');
INSERT INTO toa_workclass_personnel VALUES ('1406','处长','193','','','','0','1171','1000','1045','2','2','','0');
INSERT INTO toa_workclass_personnel VALUES ('1407','赵燕玲','248','2014-06-26 09:24:56','2014-06-26 09:24:56','生成流程申请单，系统自动完成该步骤','1','1180','1000','1043','2','2','2014-06-26 09:24','0');
INSERT INTO toa_workclass_personnel VALUES ('1408','姚立','82','2014-06-26 09:24:56','2014-06-26 09:42:35','处内传阅','1','1180','1000','1044','2','2','','0');
INSERT INTO toa_workclass_personnel VALUES ('1409','0','0','','','','0','1180','1000','1045','2','2','','0');
INSERT INTO toa_workclass_personnel VALUES ('1410','牟敏','167','2014-06-26 10:33:31','2014-06-26 10:33:31','生成流程申请单，系统自动完成该步骤','1','1181','1000','1067','2','2','2014-06-26 10:33','0');
INSERT INTO toa_workclass_personnel VALUES ('1411','廖蔚','22','2014-06-26 10:33:31','2014-06-26 10:40:32','已阅','1','1181','1000','1068','1','1','','0');
INSERT INTO toa_workclass_personnel VALUES ('1412','牟敏','167','','2014-06-26 10:42:55','结束','5','1181','1000','1069','1','1','','0');
INSERT INTO toa_workclass_personnel VALUES ('1413','刘蔚','163','2014-06-26 11:01:52','2014-06-26 11:01:52','生成流程申请单，系统自动完成该步骤','1','1182','1000','1067','2','2','2014-06-26 11:01','0');
INSERT INTO toa_workclass_personnel VALUES ('1414','李征宇','169','2014-06-26 11:01:52','','','0','1182','1000','1068','1','1','','0');
INSERT INTO toa_workclass_personnel VALUES ('1415','潘晔','55','','','','0','1177','1008','1058','1','1','','0');
INSERT INTO toa_workclass_personnel VALUES ('1416','卢强,刘明忠,杨建红,王丹,苟会琼,潘晔','38,39,40,41,42,5','','','','0','1178','1008','1058','1','1','','0');
INSERT INTO toa_workclass_personnel VALUES ('1417','刘蔚','163','2014-06-26 11:18:15','2014-06-26 11:18:15','生成流程申请单，系统自动完成该步骤','1','1183','1000','1067','2','2','2014-06-26 11:18','0');
INSERT INTO toa_workclass_personnel VALUES ('1418','李征宇','169','2014-06-26 11:18:15','','','0','1183','1000','1068','1','1','','0');
INSERT INTO toa_workclass_personnel VALUES ('1419','潘晔','55','','','','0','1174','1008','1058','1','1','','0');

DROP TABLE IF EXISTS toa_workclass_personnel_log;
CREATE TABLE `toa_workclass_personnel_log` (
  `lid` int(11) NOT NULL AUTO_INCREMENT,
  `name` varchar(32) DEFAULT NULL,
  `uid` varchar(16) DEFAULT NULL,
  `approvaldate` datetime DEFAULT NULL,
  `lnstructions` varchar(255) DEFAULT NULL,
  `pertype` varchar(2) DEFAULT NULL,
  `perid` varchar(16) DEFAULT NULL,
  `workid` varchar(16) DEFAULT NULL,
  `typeid` varchar(16) DEFAULT NULL,
  PRIMARY KEY (`lid`)
) ENGINE=MyISAM AUTO_INCREMENT=1412 DEFAULT CHARSET=utf8;

INSERT INTO toa_workclass_personnel_log VALUES ('1000','卢强','38','2014-06-16 10:28:10','已按通知要求完成','1','1206','1092','1008');
INSERT INTO toa_workclass_personnel_log VALUES ('1001','刘明忠','39','2014-06-18 09:19:58','已办理','1','1206','1092','1008');
INSERT INTO toa_workclass_personnel_log VALUES ('1002','潘晔','55','2014-06-20 11:43:01','已完成。','1','1206','1092','1008');
INSERT INTO toa_workclass_personnel_log VALUES ('1003','潘晔','55','2014-06-17 17:20:53','已回复财政厅。','1','1211','1096','1008');
INSERT INTO toa_workclass_personnel_log VALUES ('1004','朱蓉','37','2014-06-20 15:39:32','按规定内容接受培训','1','1219','1099','1008');
INSERT INTO toa_workclass_personnel_log VALUES ('1005','卢强','38','2014-06-20 15:17:09','按要求办理。','1','1219','1099','1008');
INSERT INTO toa_workclass_personnel_log VALUES ('1006','刘明忠','39','2014-06-18 09:31:46','按要求参加培训和测试','1','1219','1099','1008');
INSERT INTO toa_workclass_personnel_log VALUES ('1007','杨建红','40','2014-06-20 16:06:18','按规定和要求培训学习','1','1219','1099','1008');
INSERT INTO toa_workclass_personnel_log VALUES ('1008','王丹','41','','','0','1219','1099','1008');
INSERT INTO toa_workclass_personnel_log VALUES ('1009','苟会琼','42','2014-06-25 16:23:35','已知','1','1219','1099','1008');
INSERT INTO toa_workclass_personnel_log VALUES ('1010','潘晔','55','','','0','1219','1099','1008');
INSERT INTO toa_workclass_personnel_log VALUES ('1011','潘晔','55','2014-06-20 11:44:52','已提交政策法规处','1','1224','1101','1008');
INSERT INTO toa_workclass_personnel_log VALUES ('1015','李华聪','57','2014-06-18 16:25:08','请登安阅，将乐山市扶贫移民局对《财政专项扶贫项目管理办法（试行）》提出的修改意见，对其中的合理建议予以采纳。','1','1240','1109','1000');
INSERT INTO toa_workclass_personnel_log VALUES ('1014','王柯','3','2014-06-18 10:16:46','已收','1','1238','1108','1000');
INSERT INTO toa_workclass_personnel_log VALUES ('1016','王强','58','','','0','1240','1109','1000');
INSERT INTO toa_workclass_personnel_log VALUES ('1017','刘登安','61','2014-06-18 16:53:01','已办理','2','1240','1109','1000');
INSERT INTO toa_workclass_personnel_log VALUES ('1018','张谷','4','2014-06-19 11:39:18','阅','1','1243','1110','1000');
INSERT INTO toa_workclass_personnel_log VALUES ('1019','刘兵','14','2014-06-19 16:04:52','已阅。','1','1243','1110','1000');
INSERT INTO toa_workclass_personnel_log VALUES ('1020','邹积立','15','2014-06-23 17:47:31','已阅。','1','1243','1110','1000');
INSERT INTO toa_workclass_personnel_log VALUES ('1021','何智彬','16','2014-06-18 11:34:58','阅','1','1243','1110','1000');
INSERT INTO toa_workclass_personnel_log VALUES ('1022','向伟益','17','2014-06-19 16:43:59','已阅','1','1243','1110','1000');
INSERT INTO toa_workclass_personnel_log VALUES ('1023','刘维嘉','18','2014-06-23 17:09:44','阅。','1','1243','1110','1000');
INSERT INTO toa_workclass_personnel_log VALUES ('1024','张华林','19','2014-06-20 16:44:06','已阅','1','1243','1110','1000');
INSERT INTO toa_workclass_personnel_log VALUES ('1025','杨晖','20','2014-06-18 11:20:56','同意。杨晖','1','1243','1110','1000');
INSERT INTO toa_workclass_personnel_log VALUES ('1026','都勤','21','2014-06-19 14:37:21','已阅。','1','1243','1110','1000');
INSERT INTO toa_workclass_personnel_log VALUES ('1027','廖蔚','22','','','0','1243','1110','1000');
INSERT INTO toa_workclass_personnel_log VALUES ('1028','何大清','23','','','0','1243','1110','1000');
INSERT INTO toa_workclass_personnel_log VALUES ('1029','郭全喜','24','','','0','1243','1110','1000');
INSERT INTO toa_workclass_personnel_log VALUES ('1030','张克明','26','','','0','1243','1110','1000');
INSERT INTO toa_workclass_personnel_log VALUES ('1031','覃?虎','27','','','0','1243','1110','1000');
INSERT INTO toa_workclass_personnel_log VALUES ('1032','张海鹏','28','','','0','1243','1110','1000');
INSERT INTO toa_workclass_personnel_log VALUES ('1033','汪社林','29','','','0','1243','1110','1000');
INSERT INTO toa_workclass_personnel_log VALUES ('1034','唐义','2','','','0','1243','1110','1000');
INSERT INTO toa_workclass_personnel_log VALUES ('1035','张兵','32','','','0','1243','1110','1000');
INSERT INTO toa_workclass_personnel_log VALUES ('1036','罗薇','33','','','0','1243','1110','1000');
INSERT INTO toa_workclass_personnel_log VALUES ('1037','吴勇','34','','','0','1243','1110','1000');
INSERT INTO toa_workclass_personnel_log VALUES ('1038','杨萍','35','','','0','1243','1110','1000');
INSERT INTO toa_workclass_personnel_log VALUES ('1039','侯军','36','','','0','1243','1110','1000');
INSERT INTO toa_workclass_personnel_log VALUES ('1040','李征宇','169','','','0','1243','1110','1000');
INSERT INTO toa_workclass_personnel_log VALUES ('1041','杨铧','228','','','0','1243','1110','1000');
INSERT INTO toa_workclass_personnel_log VALUES ('1042','陈彦','43','','','0','1243','1110','1000');
INSERT INTO toa_workclass_personnel_log VALUES ('1043','黄宇','44','','','0','1243','1110','1000');
INSERT INTO toa_workclass_personnel_log VALUES ('1044','薛兵','45','','','0','1243','1110','1000');
INSERT INTO toa_workclass_personnel_log VALUES ('1045','罗厚国','46','','','0','1243','1110','1000');
INSERT INTO toa_workclass_personnel_log VALUES ('1046','沈巍','47','','','0','1243','1110','1000');
INSERT INTO toa_workclass_personnel_log VALUES ('1047','王晓华','48','','','0','1243','1110','1000');
INSERT INTO toa_workclass_personnel_log VALUES ('1048','王远来','49','','','0','1243','1110','1000');
INSERT INTO toa_workclass_personnel_log VALUES ('1049','高潭','231','','','0','1243','1110','1000');
INSERT INTO toa_workclass_personnel_log VALUES ('1050','张琪','232','','','0','1243','1110','1000');
INSERT INTO toa_workclass_personnel_log VALUES ('1051','朱蓉','37','','','0','1243','1110','1000');
INSERT INTO toa_workclass_personnel_log VALUES ('1052','卢强','38','','','0','1243','1110','1000');
INSERT INTO toa_workclass_personnel_log VALUES ('1053','刘明忠','39','','','0','1243','1110','1000');
INSERT INTO toa_workclass_personnel_log VALUES ('1054','杨建红','40','','','0','1243','1110','1000');
INSERT INTO toa_workclass_personnel_log VALUES ('1055','王丹','41','','','0','1243','1110','1000');
INSERT INTO toa_workclass_personnel_log VALUES ('1056','苟会琼','42','','','0','1243','1110','1000');
INSERT INTO toa_workclass_personnel_log VALUES ('1057','潘晔','55','','','0','1243','1110','1000');
INSERT INTO toa_workclass_personnel_log VALUES ('1058','王柯','3','','','0','1243','1110','1000');
INSERT INTO toa_workclass_personnel_log VALUES ('1059','李华聪','57','','','0','1243','1110','1000');
INSERT INTO toa_workclass_personnel_log VALUES ('1060','王强','58','','','0','1243','1110','1000');
INSERT INTO toa_workclass_personnel_log VALUES ('1061','刘登安','61','','','0','1243','1110','1000');
INSERT INTO toa_workclass_personnel_log VALUES ('1062','王晓梅','62','','','0','1243','1110','1000');
INSERT INTO toa_workclass_personnel_log VALUES ('1063','蒋蓉','63','','','0','1243','1110','1000');
INSERT INTO toa_workclass_personnel_log VALUES ('1064','王正洪','64','','','0','1243','1110','1000');
INSERT INTO toa_workclass_personnel_log VALUES ('1065','李抒玲','65','','','0','1243','1110','1000');
INSERT INTO toa_workclass_personnel_log VALUES ('1066','覃佳','67','','','0','1243','1110','1000');
INSERT INTO toa_workclass_personnel_log VALUES ('1067','罗宇','68','','','0','1243','1110','1000');
INSERT INTO toa_workclass_personnel_log VALUES ('1068','王政洲','10','','','0','1245','1111','1000');
INSERT INTO toa_workclass_personnel_log VALUES ('1069','杨邦华','90','2014-06-25 11:03:48','已阅。','1','1245','1111','1000');
INSERT INTO toa_workclass_personnel_log VALUES ('1070','韩敏','92','2014-06-18 10:41:35','已收','1','1245','1111','1000');
INSERT INTO toa_workclass_personnel_log VALUES ('1071','牟敏','167','2014-06-18 11:11:03','收到','1','1249','1113','1000');
INSERT INTO toa_workclass_personnel_log VALUES ('1072','张谷','4','2014-06-19 11:39:59','知道了','1','1252','1114','1000');
INSERT INTO toa_workclass_personnel_log VALUES ('1073','刘兵','14','2014-06-19 16:06:40','已阅。','1','1252','1114','1000');
INSERT INTO toa_workclass_personnel_log VALUES ('1074','邹积立','15','2014-06-20 10:12:48','已阅。','1','1252','1114','1000');
INSERT INTO toa_workclass_personnel_log VALUES ('1075','何智彬','16','2014-06-18 11:35:44','阅。','1','1252','1114','1000');
INSERT INTO toa_workclass_personnel_log VALUES ('1076','向伟益','17','2014-06-19 16:43:31','已阅','1','1252','1114','1000');
INSERT INTO toa_workclass_personnel_log VALUES ('1077','刘维嘉','18','2014-06-23 17:09:22','阅','1','1252','1114','1000');
INSERT INTO toa_workclass_personnel_log VALUES ('1078','张华林','19','2014-06-20 16:44:35','已阅','1','1252','1114','1000');
INSERT INTO toa_workclass_personnel_log VALUES ('1079','杨晖','20','2014-06-18 15:06:57','已阅。杨晖','1','1252','1114','1000');
INSERT INTO toa_workclass_personnel_log VALUES ('1080','都勤','21','2014-06-19 14:39:52','已阅。','1','1252','1114','1000');
INSERT INTO toa_workclass_personnel_log VALUES ('1081','廖蔚','22','','','0','1252','1114','1000');
INSERT INTO toa_workclass_personnel_log VALUES ('1082','何大清','23','','','0','1252','1114','1000');
INSERT INTO toa_workclass_personnel_log VALUES ('1083','郭全喜','24','','','0','1252','1114','1000');
INSERT INTO toa_workclass_personnel_log VALUES ('1084','张克明','26','','','0','1252','1114','1000');
INSERT INTO toa_workclass_personnel_log VALUES ('1085','覃?虎','27','','','0','1252','1114','1000');
INSERT INTO toa_workclass_personnel_log VALUES ('1086','张海鹏','28','','','0','1252','1114','1000');
INSERT INTO toa_workclass_personnel_log VALUES ('1087','汪社林','29','','','0','1252','1114','1000');
INSERT INTO toa_workclass_personnel_log VALUES ('1088','曾文兵','70','','','0','1252','1114','1000');
INSERT INTO toa_workclass_personnel_log VALUES ('1089','唐义','2','','','0','1252','1114','1000');
INSERT INTO toa_workclass_personnel_log VALUES ('1090','陈彦','43','','','0','1252','1114','1000');
INSERT INTO toa_workclass_personnel_log VALUES ('1091','朱蓉','37','','','0','1252','1114','1000');
INSERT INTO toa_workclass_personnel_log VALUES ('1092','李灵英','50','','','0','1252','1114','1000');
INSERT INTO toa_workclass_personnel_log VALUES ('1093','刘燕','54','','','0','1252','1114','1000');
INSERT INTO toa_workclass_personnel_log VALUES ('1094','李华聪','57','','','0','1252','1114','1000');
INSERT INTO toa_workclass_personnel_log VALUES ('1095','王正洪','64','','','0','1252','1114','1000');
INSERT INTO toa_workclass_personnel_log VALUES ('1096','李庆友','30','','','0','1252','1114','1000');
INSERT INTO toa_workclass_personnel_log VALUES ('1097','彭静耘','75','','','0','1252','1114','1000');
INSERT INTO toa_workclass_personnel_log VALUES ('1098','姚立','82','','','0','1252','1114','1000');
INSERT INTO toa_workclass_personnel_log VALUES ('1099','雷蕾','86','','','0','1252','1114','1000');
INSERT INTO toa_workclass_personnel_log VALUES ('1100','杨邦华','90','','','0','1252','1114','1000');
INSERT INTO toa_workclass_personnel_log VALUES ('1101','刘晓春','93','','','0','1252','1114','1000');
INSERT INTO toa_workclass_personnel_log VALUES ('1102','朱建凌','94','','','0','1252','1114','1000');
INSERT INTO toa_workclass_personnel_log VALUES ('1103','王思铁','95','','','0','1252','1114','1000');
INSERT INTO toa_workclass_personnel_log VALUES ('1104','罗斯华','111','','','0','1252','1114','1000');
INSERT INTO toa_workclass_personnel_log VALUES ('1105','王鹏','128','','','0','1252','1114','1000');
INSERT INTO toa_workclass_personnel_log VALUES ('1106','张德华','150','','','0','1252','1114','1000');
INSERT INTO toa_workclass_personnel_log VALUES ('1107','蒋蓉','63','','','0','1254','1115','1000');
INSERT INTO toa_workclass_personnel_log VALUES ('1108','王柯','3','2014-06-18 16:19:11','','1','1255','1112','1007');
INSERT INTO toa_workclass_personnel_log VALUES ('1109','吴守清','31','','','0','1255','1112','1007');
INSERT INTO toa_workclass_personnel_log VALUES ('1110','刘燕','54','2014-06-20 16:58:54','','1','1255','1112','1007');
INSERT INTO toa_workclass_personnel_log VALUES ('1111','李立峰','56','','','0','1255','1112','1007');
INSERT INTO toa_workclass_personnel_log VALUES ('1112','牟敏','167','2014-06-19 14:44:05','已阅','1','1255','1112','1007');
INSERT INTO toa_workclass_personnel_log VALUES ('1113','凉山扶贫办','195','','','0','1263','1118','1000');
INSERT INTO toa_workclass_personnel_log VALUES ('1114','绵阳扶移局','197','','','0','1263','1118','1000');
INSERT INTO toa_workclass_personnel_log VALUES ('1115','内江扶移局','200','','','0','1263','1118','1000');
INSERT INTO toa_workclass_personnel_log VALUES ('1116','南充扶移局','201','','','0','1263','1118','1000');
INSERT INTO toa_workclass_personnel_log VALUES ('1117','乐山扶移局','202','','','0','1263','1118','1000');
INSERT INTO toa_workclass_personnel_log VALUES ('1118','自贡扶移局','203','','','0','1263','1118','1000');
INSERT INTO toa_workclass_personnel_log VALUES ('1119','泸州扶贫办','204','','','0','1263','1118','1000');
INSERT INTO toa_workclass_personnel_log VALUES ('1120','德阳扶移局','206','','','0','1263','1118','1000');
INSERT INTO toa_workclass_personnel_log VALUES ('1121','广元扶移局','207','','','0','1263','1118','1000');
INSERT INTO toa_workclass_personnel_log VALUES ('1122','遂宁扶移局','208','','','0','1263','1118','1000');
INSERT INTO toa_workclass_personnel_log VALUES ('1123','眉山扶移局','209','','','0','1263','1118','1000');
INSERT INTO toa_workclass_personnel_log VALUES ('1124','宜宾扶移局','210','','','0','1263','1118','1000');
INSERT INTO toa_workclass_personnel_log VALUES ('1125','广安扶移局','211','','','0','1263','1118','1000');
INSERT INTO toa_workclass_personnel_log VALUES ('1126','达州扶移局','212','','','0','1263','1118','1000');
INSERT INTO toa_workclass_personnel_log VALUES ('1127','雅安扶移局','213','','','0','1263','1118','1000');
INSERT INTO toa_workclass_personnel_log VALUES ('1128','巴中扶移局','214','','','0','1263','1118','1000');
INSERT INTO toa_workclass_personnel_log VALUES ('1129','资阳扶移局','215','','','0','1263','1118','1000');
INSERT INTO toa_workclass_personnel_log VALUES ('1130','攀枝花扶移局','216','','','0','1263','1118','1000');
INSERT INTO toa_workclass_personnel_log VALUES ('1131','甘孜扶移局','217','','','0','1263','1118','1000');
INSERT INTO toa_workclass_personnel_log VALUES ('1132','阿坝扶移局','218','','','0','1263','1118','1000');
INSERT INTO toa_workclass_personnel_log VALUES ('1133','泸州扶移局','242','','','0','1263','1118','1000');
INSERT INTO toa_workclass_personnel_log VALUES ('1134','卢强','38','2014-06-20 15:15:35','已阅，待安置处、审计处收文后，商具体办理事宜。','1','1282','1126','1008');
INSERT INTO toa_workclass_personnel_log VALUES ('1135','潘晔','55','2014-06-20 11:46:06','已阅','1','1282','1126','1008');
INSERT INTO toa_workclass_personnel_log VALUES ('1136','刘明忠','39','2014-06-20 15:19:03','经核实,我局没有建国前参加革命工作的退休工人。','1','1283','1125','1008');
INSERT INTO toa_workclass_personnel_log VALUES ('1137','潘晔','55','2014-06-20 11:47:14','已阅','1','1283','1125','1008');
INSERT INTO toa_workclass_personnel_log VALUES ('1138','潘晔','55','','','0','1284','1122','1008');
INSERT INTO toa_workclass_personnel_log VALUES ('1139','刘明忠','39','2014-06-20 14:54:57','请建红在划拨政府采购资金时要严格把关.','1','1285','1120','1008');
INSERT INTO toa_workclass_personnel_log VALUES ('1140','杨建红','40','2014-06-20 16:09:34','在涉及工作中按文件要求和领导批示办理','1','1285','1120','1008');
INSERT INTO toa_workclass_personnel_log VALUES ('1141','苟会琼','42','2014-06-25 16:06:03','正在办理','1','1285','1120','1008');
INSERT INTO toa_workclass_personnel_log VALUES ('1142','潘晔','55','2014-06-20 11:53:40','已阅','1','1285','1120','1008');
INSERT INTO toa_workclass_personnel_log VALUES ('1145','郑持平','102','2014-06-20 11:51:12','请王主任阅示','1','1291','1130','1000');
INSERT INTO toa_workclass_personnel_log VALUES ('1146','赵燕玲','248','2014-06-20 12:06:08','','1','1294','1131','1000');
INSERT INTO toa_workclass_personnel_log VALUES ('1147','兰素华','83','','','0','1301','1134','1000');
INSERT INTO toa_workclass_personnel_log VALUES ('1148','黄代利','84','2014-06-23 08:50:03','已下载，按要求做好配合工作','1','1301','1134','1000');
INSERT INTO toa_workclass_personnel_log VALUES ('1149','曾磊','85','2014-06-24 08:59:16','重复','2','1301','1134','1000');
INSERT INTO toa_workclass_personnel_log VALUES ('1150','姚立','82','2014-06-23 17:16:35','协助业务处做好相关工作，加强对地方信访稳定工作的指导和督促，掌握信访稳定动态，严控移民到省集访，重大情况及时报告','1','1305','1136','1000');
INSERT INTO toa_workclass_personnel_log VALUES ('1151','潘晔','55','','','0','1306','1116','1008');
INSERT INTO toa_workclass_personnel_log VALUES ('1152','王思铁','95','2014-06-23 17:01:08','请财务处按冯主任批示意见办理。','1','1316','1141','1000');
INSERT INTO toa_workclass_personnel_log VALUES ('1153','冯克努','97','2014-06-20 16:41:59','请财务处按照要求，汇总并专题报告','1','1316','1141','1000');
INSERT INTO toa_workclass_personnel_log VALUES ('1154','冯克努','97','','','0','1318','1142','1000');
INSERT INTO toa_workclass_personnel_log VALUES ('1155','韩峰','6','','','0','1325','1144','1000');
INSERT INTO toa_workclass_personnel_log VALUES ('1156','周美川','7','','','0','1325','1144','1000');
INSERT INTO toa_workclass_personnel_log VALUES ('1157','冯登亮','8','','','0','1325','1144','1000');
INSERT INTO toa_workclass_personnel_log VALUES ('1158','杨文坚','9','','','0','1325','1144','1000');
INSERT INTO toa_workclass_personnel_log VALUES ('1159','甘健','11','','','0','1325','1144','1000');
INSERT INTO toa_workclass_personnel_log VALUES ('1160','李洁','12','','','0','1325','1144','1000');
INSERT INTO toa_workclass_personnel_log VALUES ('1161','高明','13','','','0','1325','1144','1000');
INSERT INTO toa_workclass_personnel_log VALUES ('1162','曾文兵','70','','','0','1325','1144','1000');
INSERT INTO toa_workclass_personnel_log VALUES ('1163','蔡广兵','91','','','0','1325','1144','1000');
INSERT INTO toa_workclass_personnel_log VALUES ('1164','张兵','32','','','0','1325','1144','1000');
INSERT INTO toa_workclass_personnel_log VALUES ('1165','罗薇','33','','','0','1325','1144','1000');
INSERT INTO toa_workclass_personnel_log VALUES ('1166','吴勇','34','','','0','1325','1144','1000');
INSERT INTO toa_workclass_personnel_log VALUES ('1167','杨萍','35','','','0','1325','1144','1000');
INSERT INTO toa_workclass_personnel_log VALUES ('1168','侯军','36','','','0','1325','1144','1000');
INSERT INTO toa_workclass_personnel_log VALUES ('1169','李征宇','169','','','0','1325','1144','1000');
INSERT INTO toa_workclass_personnel_log VALUES ('1170','陈彦','43','','','0','1325','1144','1000');
INSERT INTO toa_workclass_personnel_log VALUES ('1171','黄宇','44','','','0','1325','1144','1000');
INSERT INTO toa_workclass_personnel_log VALUES ('1172','薛兵','45','','','0','1325','1144','1000');
INSERT INTO toa_workclass_personnel_log VALUES ('1173','罗厚国','46','','','0','1325','1144','1000');
INSERT INTO toa_workclass_personnel_log VALUES ('1174','沈巍','47','','','0','1325','1144','1000');
INSERT INTO toa_workclass_personnel_log VALUES ('1175','王晓华','48','','','0','1325','1144','1000');
INSERT INTO toa_workclass_personnel_log VALUES ('1176','王远来','49','','','0','1325','1144','1000');
INSERT INTO toa_workclass_personnel_log VALUES ('1177','朱蓉','37','','','0','1325','1144','1000');
INSERT INTO toa_workclass_personnel_log VALUES ('1178','卢强','38','','','0','1325','1144','1000');
INSERT INTO toa_workclass_personnel_log VALUES ('1179','刘明忠','39','','','0','1325','1144','1000');
INSERT INTO toa_workclass_personnel_log VALUES ('1180','杨建红','40','','','0','1325','1144','1000');
INSERT INTO toa_workclass_personnel_log VALUES ('1181','王丹','41','','','0','1325','1144','1000');
INSERT INTO toa_workclass_personnel_log VALUES ('1182','苟会琼','42','','','0','1325','1144','1000');
INSERT INTO toa_workclass_personnel_log VALUES ('1183','潘晔','55','','','0','1325','1144','1000');
INSERT INTO toa_workclass_personnel_log VALUES ('1184','李灵英','50','','','0','1325','1144','1000');
INSERT INTO toa_workclass_personnel_log VALUES ('1185','黄河','51','','','0','1325','1144','1000');
INSERT INTO toa_workclass_personnel_log VALUES ('1186','包文','52','','','0','1325','1144','1000');
INSERT INTO toa_workclass_personnel_log VALUES ('1187','杨黎','53','','','0','1325','1144','1000');
INSERT INTO toa_workclass_personnel_log VALUES ('1188','王柯','3','','','0','1325','1144','1000');
INSERT INTO toa_workclass_personnel_log VALUES ('1189','吴守清','31','','','0','1325','1144','1000');
INSERT INTO toa_workclass_personnel_log VALUES ('1190','刘燕','54','','','0','1325','1144','1000');
INSERT INTO toa_workclass_personnel_log VALUES ('1191','李立峰','56','','','0','1325','1144','1000');
INSERT INTO toa_workclass_personnel_log VALUES ('1192','李华聪','57','','','0','1325','1144','1000');
INSERT INTO toa_workclass_personnel_log VALUES ('1193','王强','58','','','0','1325','1144','1000');
INSERT INTO toa_workclass_personnel_log VALUES ('1194','蒲应军','59','','','0','1325','1144','1000');
INSERT INTO toa_workclass_personnel_log VALUES ('1195','冯典林','60','','','0','1325','1144','1000');
INSERT INTO toa_workclass_personnel_log VALUES ('1196','刘登安','61','','','0','1325','1144','1000');
INSERT INTO toa_workclass_personnel_log VALUES ('1197','王晓梅','62','','','0','1325','1144','1000');
INSERT INTO toa_workclass_personnel_log VALUES ('1198','蒋蓉','63','','','0','1325','1144','1000');
INSERT INTO toa_workclass_personnel_log VALUES ('1199','王正洪','64','','','0','1325','1144','1000');
INSERT INTO toa_workclass_personnel_log VALUES ('1200','李抒玲','65','','','0','1325','1144','1000');
INSERT INTO toa_workclass_personnel_log VALUES ('1201','杨丽','66','','','0','1325','1144','1000');
INSERT INTO toa_workclass_personnel_log VALUES ('1202','覃佳','67','','','0','1325','1144','1000');
INSERT INTO toa_workclass_personnel_log VALUES ('1203','罗宇','68','','','0','1325','1144','1000');
INSERT INTO toa_workclass_personnel_log VALUES ('1204','汪明辉','69','','','0','1325','1144','1000');
INSERT INTO toa_workclass_personnel_log VALUES ('1205','李庆友','30','','','0','1325','1144','1000');
INSERT INTO toa_workclass_personnel_log VALUES ('1206','蒋光文','76','','','0','1325','1144','1000');
INSERT INTO toa_workclass_personnel_log VALUES ('1207','刘伯庆','77','','','0','1325','1144','1000');
INSERT INTO toa_workclass_personnel_log VALUES ('1208','何成俊','78','','','0','1325','1144','1000');
INSERT INTO toa_workclass_personnel_log VALUES ('1209','刘莉','79','','','0','1325','1144','1000');
INSERT INTO toa_workclass_personnel_log VALUES ('1210','侯毅','80','','','0','1325','1144','1000');
INSERT INTO toa_workclass_personnel_log VALUES ('1211','张潇元','71','','','0','1325','1144','1000');
INSERT INTO toa_workclass_personnel_log VALUES ('1212','阳伟明','72','','','0','1325','1144','1000');
INSERT INTO toa_workclass_personnel_log VALUES ('1213','韦俊红','73','','','0','1325','1144','1000');
INSERT INTO toa_workclass_personnel_log VALUES ('1214','李剑波','74','','','0','1325','1144','1000');
INSERT INTO toa_workclass_personnel_log VALUES ('1215','彭静耘','75','','','0','1325','1144','1000');
INSERT INTO toa_workclass_personnel_log VALUES ('1216','姚立','82','','','0','1325','1144','1000');
INSERT INTO toa_workclass_personnel_log VALUES ('1217','兰素华','83','','','0','1325','1144','1000');
INSERT INTO toa_workclass_personnel_log VALUES ('1218','黄代利','84','','','0','1325','1144','1000');
INSERT INTO toa_workclass_personnel_log VALUES ('1219','曾磊','85','','','0','1325','1144','1000');
INSERT INTO toa_workclass_personnel_log VALUES ('1220','雷蕾','86','','','0','1325','1144','1000');
INSERT INTO toa_workclass_personnel_log VALUES ('1221','曾维忠','87','','','0','1325','1144','1000');
INSERT INTO toa_workclass_personnel_log VALUES ('1222','蒲熹漫','88','','','0','1325','1144','1000');
INSERT INTO toa_workclass_personnel_log VALUES ('1223','李宇','89','','','0','1325','1144','1000');
INSERT INTO toa_workclass_personnel_log VALUES ('1224','林勇','241','','','0','1325','1144','1000');
INSERT INTO toa_workclass_personnel_log VALUES ('1225','王政洲','10','','','0','1325','1144','1000');
INSERT INTO toa_workclass_personnel_log VALUES ('1226','杨邦华','90','','','0','1325','1144','1000');
INSERT INTO toa_workclass_personnel_log VALUES ('1227','韩敏','92','','','0','1325','1144','1000');
INSERT INTO toa_workclass_personnel_log VALUES ('1228','刘晓春','93','','','0','1325','1144','1000');
INSERT INTO toa_workclass_personnel_log VALUES ('1229','朱建凌','94','','','0','1325','1144','1000');
INSERT INTO toa_workclass_personnel_log VALUES ('1230','韩峰','6','','','0','1329','1146','1000');
INSERT INTO toa_workclass_personnel_log VALUES ('1231','周美川','7','','','0','1329','1146','1000');
INSERT INTO toa_workclass_personnel_log VALUES ('1232','冯登亮','8','','','0','1329','1146','1000');
INSERT INTO toa_workclass_personnel_log VALUES ('1233','杨文坚','9','','','0','1329','1146','1000');
INSERT INTO toa_workclass_personnel_log VALUES ('1234','甘健','11','','','0','1329','1146','1000');
INSERT INTO toa_workclass_personnel_log VALUES ('1235','李洁','12','','','0','1329','1146','1000');
INSERT INTO toa_workclass_personnel_log VALUES ('1236','高明','13','','','0','1329','1146','1000');
INSERT INTO toa_workclass_personnel_log VALUES ('1237','曾文兵','70','','','0','1329','1146','1000');
INSERT INTO toa_workclass_personnel_log VALUES ('1238','蔡广兵','91','','','0','1329','1146','1000');
INSERT INTO toa_workclass_personnel_log VALUES ('1239','张兵','32','','','0','1329','1146','1000');
INSERT INTO toa_workclass_personnel_log VALUES ('1240','罗薇','33','','','0','1329','1146','1000');
INSERT INTO toa_workclass_personnel_log VALUES ('1241','吴勇','34','','','0','1329','1146','1000');
INSERT INTO toa_workclass_personnel_log VALUES ('1242','杨萍','35','','','0','1329','1146','1000');
INSERT INTO toa_workclass_personnel_log VALUES ('1243','侯军','36','','','0','1329','1146','1000');
INSERT INTO toa_workclass_personnel_log VALUES ('1244','李征宇','169','','','0','1329','1146','1000');
INSERT INTO toa_workclass_personnel_log VALUES ('1245','陈彦','43','','','0','1329','1146','1000');
INSERT INTO toa_workclass_personnel_log VALUES ('1246','黄宇','44','','','0','1329','1146','1000');
INSERT INTO toa_workclass_personnel_log VALUES ('1247','薛兵','45','','','0','1329','1146','1000');
INSERT INTO toa_workclass_personnel_log VALUES ('1248','罗厚国','46','','','0','1329','1146','1000');
INSERT INTO toa_workclass_personnel_log VALUES ('1249','沈巍','47','','','0','1329','1146','1000');
INSERT INTO toa_workclass_personnel_log VALUES ('1250','王晓华','48','','','0','1329','1146','1000');
INSERT INTO toa_workclass_personnel_log VALUES ('1251','王远来','49','','','0','1329','1146','1000');
INSERT INTO toa_workclass_personnel_log VALUES ('1252','朱蓉','37','','','0','1329','1146','1000');
INSERT INTO toa_workclass_personnel_log VALUES ('1253','卢强','38','','','0','1329','1146','1000');
INSERT INTO toa_workclass_personnel_log VALUES ('1254','刘明忠','39','','','0','1329','1146','1000');
INSERT INTO toa_workclass_personnel_log VALUES ('1255','杨建红','40','','','0','1329','1146','1000');
INSERT INTO toa_workclass_personnel_log VALUES ('1256','王丹','41','','','0','1329','1146','1000');
INSERT INTO toa_workclass_personnel_log VALUES ('1257','苟会琼','42','','','0','1329','1146','1000');
INSERT INTO toa_workclass_personnel_log VALUES ('1258','潘晔','55','','','0','1329','1146','1000');
INSERT INTO toa_workclass_personnel_log VALUES ('1259','李灵英','50','','','0','1329','1146','1000');
INSERT INTO toa_workclass_personnel_log VALUES ('1260','黄河','51','','','0','1329','1146','1000');
INSERT INTO toa_workclass_personnel_log VALUES ('1261','包文','52','','','0','1329','1146','1000');
INSERT INTO toa_workclass_personnel_log VALUES ('1262','杨黎','53','','','0','1329','1146','1000');
INSERT INTO toa_workclass_personnel_log VALUES ('1263','王柯','3','','','0','1329','1146','1000');
INSERT INTO toa_workclass_personnel_log VALUES ('1264','吴守清','31','','','0','1329','1146','1000');
INSERT INTO toa_workclass_personnel_log VALUES ('1265','刘燕','54','','','0','1329','1146','1000');
INSERT INTO toa_workclass_personnel_log VALUES ('1266','李立峰','56','','','0','1329','1146','1000');
INSERT INTO toa_workclass_personnel_log VALUES ('1267','李华聪','57','','','0','1329','1146','1000');
INSERT INTO toa_workclass_personnel_log VALUES ('1268','王强','58','','','0','1329','1146','1000');
INSERT INTO toa_workclass_personnel_log VALUES ('1269','蒲应军','59','','','0','1329','1146','1000');
INSERT INTO toa_workclass_personnel_log VALUES ('1270','冯典林','60','','','0','1329','1146','1000');
INSERT INTO toa_workclass_personnel_log VALUES ('1271','刘登安','61','','','0','1329','1146','1000');
INSERT INTO toa_workclass_personnel_log VALUES ('1272','王晓梅','62','','','0','1329','1146','1000');
INSERT INTO toa_workclass_personnel_log VALUES ('1273','蒋蓉','63','','','0','1329','1146','1000');
INSERT INTO toa_workclass_personnel_log VALUES ('1274','王正洪','64','','','0','1329','1146','1000');
INSERT INTO toa_workclass_personnel_log VALUES ('1275','李抒玲','65','','','0','1329','1146','1000');
INSERT INTO toa_workclass_personnel_log VALUES ('1276','杨丽','66','','','0','1329','1146','1000');
INSERT INTO toa_workclass_personnel_log VALUES ('1277','覃佳','67','','','0','1329','1146','1000');
INSERT INTO toa_workclass_personnel_log VALUES ('1278','罗宇','68','','','0','1329','1146','1000');
INSERT INTO toa_workclass_personnel_log VALUES ('1279','汪明辉','69','','','0','1329','1146','1000');
INSERT INTO toa_workclass_personnel_log VALUES ('1280','李庆友','30','','','0','1329','1146','1000');
INSERT INTO toa_workclass_personnel_log VALUES ('1281','蒋光文','76','','','0','1329','1146','1000');
INSERT INTO toa_workclass_personnel_log VALUES ('1282','刘伯庆','77','','','0','1329','1146','1000');
INSERT INTO toa_workclass_personnel_log VALUES ('1283','何成俊','78','','','0','1329','1146','1000');
INSERT INTO toa_workclass_personnel_log VALUES ('1284','刘莉','79','','','0','1329','1146','1000');
INSERT INTO toa_workclass_personnel_log VALUES ('1285','侯毅','80','','','0','1329','1146','1000');
INSERT INTO toa_workclass_personnel_log VALUES ('1286','张潇元','71','','','0','1329','1146','1000');
INSERT INTO toa_workclass_personnel_log VALUES ('1287','阳伟明','72','','','0','1329','1146','1000');
INSERT INTO toa_workclass_personnel_log VALUES ('1288','韦俊红','73','','','0','1329','1146','1000');
INSERT INTO toa_workclass_personnel_log VALUES ('1289','李剑波','74','','','0','1329','1146','1000');
INSERT INTO toa_workclass_personnel_log VALUES ('1290','彭静耘','75','','','0','1329','1146','1000');
INSERT INTO toa_workclass_personnel_log VALUES ('1291','姚立','82','','','0','1329','1146','1000');
INSERT INTO toa_workclass_personnel_log VALUES ('1292','兰素华','83','','','0','1329','1146','1000');
INSERT INTO toa_workclass_personnel_log VALUES ('1293','黄代利','84','','','0','1329','1146','1000');
INSERT INTO toa_workclass_personnel_log VALUES ('1294','曾磊','85','','','0','1329','1146','1000');
INSERT INTO toa_workclass_personnel_log VALUES ('1295','雷蕾','86','','','0','1329','1146','1000');
INSERT INTO toa_workclass_personnel_log VALUES ('1296','曾维忠','87','','','0','1329','1146','1000');
INSERT INTO toa_workclass_personnel_log VALUES ('1297','蒲熹漫','88','','','0','1329','1146','1000');
INSERT INTO toa_workclass_personnel_log VALUES ('1298','李宇','89','','','0','1329','1146','1000');
INSERT INTO toa_workclass_personnel_log VALUES ('1299','林勇','241','','','0','1329','1146','1000');
INSERT INTO toa_workclass_personnel_log VALUES ('1300','王政洲','10','','','0','1329','1146','1000');
INSERT INTO toa_workclass_personnel_log VALUES ('1301','杨邦华','90','','','0','1329','1146','1000');
INSERT INTO toa_workclass_personnel_log VALUES ('1302','韩敏','92','','','0','1329','1146','1000');
INSERT INTO toa_workclass_personnel_log VALUES ('1303','刘晓春','93','','','0','1329','1146','1000');
INSERT INTO toa_workclass_personnel_log VALUES ('1304','朱建凌','94','','','0','1329','1146','1000');
INSERT INTO toa_workclass_personnel_log VALUES ('1396','白楠','239','','','0','1380','1168','1000');
INSERT INTO toa_workclass_personnel_log VALUES ('1307','江志伟','108','2014-06-23 15:27:08','4321','1','1334','1148','1015');
INSERT INTO toa_workclass_personnel_log VALUES ('1308','张凤英','107','2014-06-23 15:28:24','nijjj','1','1335','1148','1015');
INSERT INTO toa_workclass_personnel_log VALUES ('1309','邹积立','15','','','0','1338','1149','1000');
INSERT INTO toa_workclass_personnel_log VALUES ('1310','刘维嘉','18','2014-06-23 17:08:58','阅。','1','1338','1149','1000');
INSERT INTO toa_workclass_personnel_log VALUES ('1311','管理员','1','2014-06-24 01:40:08','yiyue','1','1350','1154','1007');
INSERT INTO toa_workclass_personnel_log VALUES ('1312','王柯','3','2014-06-24 01:52:52','已阅','1','1352','1155','1000');
INSERT INTO toa_workclass_personnel_log VALUES ('1313','王柯','3','2014-06-24 01:53:25','完成','1','1353','1155','1000');
INSERT INTO toa_workclass_personnel_log VALUES ('1314','吴守清','31','','','0','1355','1156','1007');
INSERT INTO toa_workclass_personnel_log VALUES ('1315','刘燕','54','','','0','1355','1156','1007');
INSERT INTO toa_workclass_personnel_log VALUES ('1316','李立峰','56','2014-06-25 10:45:41','已阅','1','1355','1156','1007');
INSERT INTO toa_workclass_personnel_log VALUES ('1317','牟敏','167','','','0','1355','1156','1007');
INSERT INTO toa_workclass_personnel_log VALUES ('1318','张谷','4','','','0','1359','1158','1000');
INSERT INTO toa_workclass_personnel_log VALUES ('1319','刘兵','14','2014-06-24 16:06:28','已阅。','1','1359','1158','1000');
INSERT INTO toa_workclass_personnel_log VALUES ('1320','邹积立','15','2014-06-25 10:06:35','阅。','1','1359','1158','1000');
INSERT INTO toa_workclass_personnel_log VALUES ('1321','何智彬','16','','','0','1359','1158','1000');
INSERT INTO toa_workclass_personnel_log VALUES ('1322','向伟益','17','2014-06-25 21:50:59','已阅。','1','1359','1158','1000');
INSERT INTO toa_workclass_personnel_log VALUES ('1323','刘维嘉','18','2014-06-24 17:00:22','已阅。','1','1359','1158','1000');
INSERT INTO toa_workclass_personnel_log VALUES ('1324','张华林','19','2014-06-24 16:53:48','已阅','1','1359','1158','1000');
INSERT INTO toa_workclass_personnel_log VALUES ('1325','杨晖','20','2014-06-26 10:53:34','已阅。','1','1359','1158','1000');
INSERT INTO toa_workclass_personnel_log VALUES ('1326','都勤','21','2014-06-24 11:33:13','已阅。','1','1359','1158','1000');
INSERT INTO toa_workclass_personnel_log VALUES ('1327','廖蔚','22','','','0','1359','1158','1000');
INSERT INTO toa_workclass_personnel_log VALUES ('1328','郭全喜','24','','','0','1359','1158','1000');
INSERT INTO toa_workclass_personnel_log VALUES ('1329','张海鹏','28','','','0','1359','1158','1000');
INSERT INTO toa_workclass_personnel_log VALUES ('1330','汪社林','29','','','0','1359','1158','1000');
INSERT INTO toa_workclass_personnel_log VALUES ('1331','韩峰','6','','','0','1359','1158','1000');
INSERT INTO toa_workclass_personnel_log VALUES ('1332','周美川','7','','','0','1359','1158','1000');
INSERT INTO toa_workclass_personnel_log VALUES ('1333','曾文兵','70','','','0','1359','1158','1000');
INSERT INTO toa_workclass_personnel_log VALUES ('1334','唐义','2','','','0','1359','1158','1000');
INSERT INTO toa_workclass_personnel_log VALUES ('1335','张兵','32','','','0','1359','1158','1000');
INSERT INTO toa_workclass_personnel_log VALUES ('1336','吴勇','34','','','0','1359','1158','1000');
INSERT INTO toa_workclass_personnel_log VALUES ('1337','陈彦','43','','','0','1359','1158','1000');
INSERT INTO toa_workclass_personnel_log VALUES ('1338','黄宇','44','','','0','1359','1158','1000');
INSERT INTO toa_workclass_personnel_log VALUES ('1339','薛兵','45','','','0','1359','1158','1000');
INSERT INTO toa_workclass_personnel_log VALUES ('1340','朱蓉','37','','','0','1359','1158','1000');
INSERT INTO toa_workclass_personnel_log VALUES ('1341','卢强','38','','','0','1359','1158','1000');
INSERT INTO toa_workclass_personnel_log VALUES ('1342','李灵英','50','','','0','1359','1158','1000');
INSERT INTO toa_workclass_personnel_log VALUES ('1343','黄河','51','','','0','1359','1158','1000');
INSERT INTO toa_workclass_personnel_log VALUES ('1344','王柯','3','','','0','1359','1158','1000');
INSERT INTO toa_workclass_personnel_log VALUES ('1345','吴守清','31','','','0','1359','1158','1000');
INSERT INTO toa_workclass_personnel_log VALUES ('1346','刘燕','54','','','0','1359','1158','1000');
INSERT INTO toa_workclass_personnel_log VALUES ('1347','李华聪','57','','','0','1359','1158','1000');
INSERT INTO toa_workclass_personnel_log VALUES ('1348','王强','58','','','0','1359','1158','1000');
INSERT INTO toa_workclass_personnel_log VALUES ('1349','王正洪','64','','','0','1359','1158','1000');
INSERT INTO toa_workclass_personnel_log VALUES ('1350','李抒玲','65','','','0','1359','1158','1000');
INSERT INTO toa_workclass_personnel_log VALUES ('1351','李庆友','30','','','0','1359','1158','1000');
INSERT INTO toa_workclass_personnel_log VALUES ('1352','蒋光文','76','','','0','1359','1158','1000');
INSERT INTO toa_workclass_personnel_log VALUES ('1353','张潇元','71','','','0','1359','1158','1000');
INSERT INTO toa_workclass_personnel_log VALUES ('1354','彭静耘','75','','','0','1359','1158','1000');
INSERT INTO toa_workclass_personnel_log VALUES ('1355','姚立','82','','','0','1359','1158','1000');
INSERT INTO toa_workclass_personnel_log VALUES ('1356','曾磊','85','','','0','1359','1158','1000');
INSERT INTO toa_workclass_personnel_log VALUES ('1357','雷蕾','86','','','0','1359','1158','1000');
INSERT INTO toa_workclass_personnel_log VALUES ('1358','曾维忠','87','','','0','1359','1158','1000');
INSERT INTO toa_workclass_personnel_log VALUES ('1359','杨邦华','90','','','0','1359','1158','1000');
INSERT INTO toa_workclass_personnel_log VALUES ('1360','刘晓春','93','','','0','1359','1158','1000');
INSERT INTO toa_workclass_personnel_log VALUES ('1361','朱建凌','94','','','0','1359','1158','1000');
INSERT INTO toa_workclass_personnel_log VALUES ('1362','王思铁','95','','','0','1359','1158','1000');
INSERT INTO toa_workclass_personnel_log VALUES ('1363','向兴华','96','','','0','1359','1158','1000');
INSERT INTO toa_workclass_personnel_log VALUES ('1364','冯克努','97','','','0','1359','1158','1000');
INSERT INTO toa_workclass_personnel_log VALUES ('1365','王红虹','98','','','0','1359','1158','1000');
INSERT INTO toa_workclass_personnel_log VALUES ('1366','罗斯华','111','','','0','1359','1158','1000');
INSERT INTO toa_workclass_personnel_log VALUES ('1367','胥谊','112','','','0','1359','1158','1000');
INSERT INTO toa_workclass_personnel_log VALUES ('1368','王鹏','128','','','0','1359','1158','1000');
INSERT INTO toa_workclass_personnel_log VALUES ('1369','耿福元','134','','','0','1359','1158','1000');
INSERT INTO toa_workclass_personnel_log VALUES ('1370','张德华','150','','','0','1359','1158','1000');
INSERT INTO toa_workclass_personnel_log VALUES ('1371','白楠','239','2014-06-24 14:55:26','发','1','1361','1159','1000');
INSERT INTO toa_workclass_personnel_log VALUES ('1372','白楠','239','2014-06-24 14:55:51','照办','1','1362','1159','1000');
INSERT INTO toa_workclass_personnel_log VALUES ('1373','韩峰','6','','','0','1364','1160','1000');
INSERT INTO toa_workclass_personnel_log VALUES ('1374','郑持平','102','','','0','1366','1161','1015');
INSERT INTO toa_workclass_personnel_log VALUES ('1375','曾文兵','70','','','0','1368','1162','1000');
INSERT INTO toa_workclass_personnel_log VALUES ('1376','唐义','2','2014-06-25 14:21:37','请按机关党委通知办理。','1','1368','1162','1000');
INSERT INTO toa_workclass_personnel_log VALUES ('1377','陈彦','43','','','0','1368','1162','1000');
INSERT INTO toa_workclass_personnel_log VALUES ('1378','朱蓉','37','','','0','1368','1162','1000');
INSERT INTO toa_workclass_personnel_log VALUES ('1379','李灵英','50','','','0','1368','1162','1000');
INSERT INTO toa_workclass_personnel_log VALUES ('1380','刘燕','54','','','0','1368','1162','1000');
INSERT INTO toa_workclass_personnel_log VALUES ('1381','李华聪','57','','','0','1368','1162','1000');
INSERT INTO toa_workclass_personnel_log VALUES ('1382','王正洪','64','','','0','1368','1162','1000');
INSERT INTO toa_workclass_personnel_log VALUES ('1383','李庆友','30','2014-06-25 14:07:14','收不到。','1','1368','1162','1000');
INSERT INTO toa_workclass_personnel_log VALUES ('1384','彭静耘','75','','','0','1368','1162','1000');
INSERT INTO toa_workclass_personnel_log VALUES ('1385','姚立','82','','','0','1368','1162','1000');
INSERT INTO toa_workclass_personnel_log VALUES ('1386','雷蕾','86','','','0','1368','1162','1000');
INSERT INTO toa_workclass_personnel_log VALUES ('1387','杨邦华','90','','','0','1368','1162','1000');
INSERT INTO toa_workclass_personnel_log VALUES ('1388','王思铁','95','','','0','1368','1162','1000');
INSERT INTO toa_workclass_personnel_log VALUES ('1389','罗斯华','111','','','0','1368','1162','1000');
INSERT INTO toa_workclass_personnel_log VALUES ('1390','王鹏','128','','','0','1368','1162','1000');
INSERT INTO toa_workclass_personnel_log VALUES ('1391','张德华','150','','','0','1368','1162','1000');
INSERT INTO toa_workclass_personnel_log VALUES ('1392','姚立','82','2014-06-25 14:56:20','请朱敏同志参会。','1','1370','1163','1000');
INSERT INTO toa_workclass_personnel_log VALUES ('1393','彭静耘','75','','','0','1372','1164','1000');
INSERT INTO toa_workclass_personnel_log VALUES ('1394','刘晓春','93','','','0','1374','1165','1000');
INSERT INTO toa_workclass_personnel_log VALUES ('1395','陈彦','43','','','0','1376','1166','1000');
INSERT INTO toa_workclass_personnel_log VALUES ('1397','白楠','239','','','0','1384','1170','1000');
INSERT INTO toa_workclass_personnel_log VALUES ('1398','朱敏','250','2014-06-25 15:57:20','照办。','1','1387','1163','1000');
INSERT INTO toa_workclass_personnel_log VALUES ('1399','白楠','239','','','0','1393','1173','1000');
INSERT INTO toa_workclass_personnel_log VALUES ('1400','廖蔚','22','2014-06-26 10:40:32','已阅','1','1411','1181','1000');
INSERT INTO toa_workclass_personnel_log VALUES ('1401','牟敏','167','2014-06-26 10:42:55','结束','1','1412','1181','1000');
INSERT INTO toa_workclass_personnel_log VALUES ('1402','李征宇','169','','','0','1414','1182','1000');
INSERT INTO toa_workclass_personnel_log VALUES ('1403','潘晔','55','','','0','1415','1177','1008');
INSERT INTO toa_workclass_personnel_log VALUES ('1404','卢强','38','','','0','1416','1178','1008');
INSERT INTO toa_workclass_personnel_log VALUES ('1405','刘明忠','39','','','0','1416','1178','1008');
INSERT INTO toa_workclass_personnel_log VALUES ('1406','杨建红','40','','','0','1416','1178','1008');
INSERT INTO toa_workclass_personnel_log VALUES ('1407','王丹','41','','','0','1416','1178','1008');
INSERT INTO toa_workclass_personnel_log VALUES ('1408','苟会琼','42','','','0','1416','1178','1008');
INSERT INTO toa_workclass_personnel_log VALUES ('1409','潘晔','55','','','0','1416','1178','1008');
INSERT INTO toa_workclass_personnel_log VALUES ('1410','李征宇','169','','','0','1418','1183','1000');
INSERT INTO toa_workclass_personnel_log VALUES ('1411','潘晔','55','','','0','1419','1174','1008');

DROP TABLE IF EXISTS toa_workclass_type;
CREATE TABLE `toa_workclass_type` (
  `tid` int(11) NOT NULL AUTO_INCREMENT,
  `typename` varchar(64) DEFAULT NULL,
  `uid` varchar(16) DEFAULT NULL,
  `typenum` int(11) NOT NULL,
  PRIMARY KEY (`tid`)
) ENGINE=MyISAM AUTO_INCREMENT=1017 DEFAULT CHARSET=utf8;

INSERT INTO toa_workclass_type VALUES ('1000','公共业务','1','999');
INSERT INTO toa_workclass_type VALUES ('1004','办公室','1','999');
INSERT INTO toa_workclass_type VALUES ('1005','机关党委','1','999');
INSERT INTO toa_workclass_type VALUES ('1007','信息统计处','1','999');
INSERT INTO toa_workclass_type VALUES ('1008','计划财务处','41','999');
INSERT INTO toa_workclass_type VALUES ('1010','移民后扶处','74','999');
INSERT INTO toa_workclass_type VALUES ('1011','规划处','48','999');
INSERT INTO toa_workclass_type VALUES ('1012','省移民工程开发中心','219','999');
INSERT INTO toa_workclass_type VALUES ('1013','扶贫开发指导处','163','999');
INSERT INTO toa_workclass_type VALUES ('1015','外资中心','107','999');
INSERT INTO toa_workclass_type VALUES ('1016','移民安置处','164','999');

DROP TABLE IF EXISTS toa_workdate;
CREATE TABLE `toa_workdate` (
  `id` int(11) NOT NULL AUTO_INCREMENT,
  `otype` varchar(2) DEFAULT NULL,
  `startdate` varchar(32) DEFAULT NULL,
  `enddate` varchar(32) DEFAULT NULL,
  `content` text,
  `date` datetime DEFAULT NULL,
  `uid` varchar(10) DEFAULT NULL,
  `workdate` date DEFAULT NULL,
  PRIMARY KEY (`id`)
) ENGINE=MyISAM AUTO_INCREMENT=37 DEFAULT CHARSET=utf8;

INSERT INTO toa_workdate VALUES ('7','1','0:0','','aaaf','2014-01-14 17:56:50','1','2014-01-21');
INSERT INTO toa_workdate VALUES ('2','1','12:08','','晚宴','2013-12-23 12:08:35','2','2013-12-23');
INSERT INTO toa_workdate VALUES ('3','1','0:0','','开会','2014-01-13 11:04:41','74','2014-01-14');
INSERT INTO toa_workdate VALUES ('10','2','01:05','','1111111111','2014-01-26 23:00:59','1','2014-01-23');
INSERT INTO toa_workdate VALUES ('9','1','0:0','','55555555555','2014-01-19 17:59:51','1','2014-01-16');
INSERT INTO toa_workdate VALUES ('11','1','0:0','','完善OA','2014-02-13 10:19:53','54','2014-02-13');
INSERT INTO toa_workdate VALUES ('12','1','16:18','','wwww','2014-02-19 16:18:59','170','2014-02-27');
INSERT INTO toa_workdate VALUES ('13','1','09:49','','1111111111111','2014-02-23 09:49:08','170','2014-02-23');
INSERT INTO toa_workdate VALUES ('14','1','13:52','','111','2014-02-23 13:52:56','170','2014-02-23');
INSERT INTO toa_workdate VALUES ('15','1','0:0','','111','2014-02-23 17:25:57','170','2014-03-01');
INSERT INTO toa_workdate VALUES ('16','1','0:0','','eewe','2014-02-24 15:24:31','16','2014-02-01');
INSERT INTO toa_workdate VALUES ('17','1','0:0','','赴宜宾市调研项目调整原因、调整项目相关情况','2014-02-24 17:12:43','75','2014-02-27');
INSERT INTO toa_workdate VALUES ('18','1','0:0','','jjj','2014-02-24 17:40:52','64','2014-02-01');
INSERT INTO toa_workdate VALUES ('19','1','18:03','','完成核定扣分说明','2014-02-24 18:03:31','100','2014-02-24');
INSERT INTO toa_workdate VALUES ('20','1','0:0','','ss','2014-02-26 09:52:59','17','2014-02-01');
INSERT INTO toa_workdate VALUES ('21','1','0:0','','王','2014-02-26 14:51:09','30','2014-02-04');
INSERT INTO toa_workdate VALUES ('22','1','0:0','','ggg','2014-02-26 15:26:42','50','2014-02-03');
INSERT INTO toa_workdate VALUES ('23','1','0:0','','完成芦山地震调研报告和地震监测表格','2014-02-26 16:15:01','100','2014-02-25');
INSERT INTO toa_workdate VALUES ('24','1','0:0','','完成2014年考核第一次小组成员审议会议材料准备工作','2014-02-26 16:15:29','100','2014-02-26');
INSERT INTO toa_workdate VALUES ('25','1','0:0','','草拟文稿：\n1、2013年度考核方案（局内部）；\n\n2、2013年度考核市（州）级通知；\n\n3、2013年度扶贫考核省级部门通知；','2014-02-26 16:16:21','100','2014-02-27');
INSERT INTO toa_workdate VALUES ('26','1','0:0','','hhh','2014-02-27 15:01:50','28','2014-03-04');
INSERT INTO toa_workdate VALUES ('27','1','0:0','','sss','2014-02-27 16:17:11','94','2014-03-01');
INSERT INTO toa_workdate VALUES ('29','1','0:0','','bbb','2014-02-28 10:41:53','20','2014-03-10');
INSERT INTO toa_workdate VALUES ('30','1','0:0','','MM们','2014-02-28 11:29:59','70','2014-03-04');
INSERT INTO toa_workdate VALUES ('31','1','0:0','','QQ群','2014-02-28 15:22:46','95','2014-03-04');
INSERT INTO toa_workdate VALUES ('32','1','0:0','','各分管分数线','2014-03-06 09:40:49','93','2014-03-07');
INSERT INTO toa_workdate VALUES ('33','1','0:0','','扶贫规划','2014-03-21 10:02:20','119','2014-03-21');
INSERT INTO toa_workdate VALUES ('34','1','0:0','','今天做许鉴、李欣岗位变动涉及到增资、绩效调整等','2014-03-24 09:54:28','102','2014-03-24');

